depth_ice_m,gas_age_ka_bp,cap_delta17_modern_air_relative_ppm,cap_delta17_1sigma_ppm
965.52,58.016,37,10
988.62,59.978,28,7
998.52,61.015,24,2
1008.42,61.971,46,4
1018.32,63.013,45,9
1027.12,64.015,22,0
1038.12,65.020,19,11
1050.77,66.946,17,9
1057.92,68.015,30,10
1075.52,69.983,43,4
1099.72,72.005,24,8
1129.42,75.001,22,9
1142.62,76.051,31,10
1149.77,77.008,19,0
1158.02,77.992,11,0
1180.57,80.014,14,0
1206.97,81.993,0,3
1220.72,83.015,25,13
1235.57,83.990,22,8
1248.77,85.027,29,12
1259.22,85.989,29,15
1270.22,87.025,20,1
1279.57,88.002,32,1
1288.35,89.004,22,1
1298.27,89.994,27,0
1308.72,90.978,24,5
1317.52,92.017,23,7
1327.97,93.003,30,2
1352.17,95.001,26,7
1397.82,98.988,19,3
1452.27,104.003,13,5
1490.22,107.996,48,10
1549.62,114.989,26,13
1594.17,118.984,2,12
1619.47,120.997,-11,6
1644.22,122.993,33,4
1670.62,124.986,29,11
1785.02,135.011,46,16
1810.87,140.256,57,0
1832.72,145.010,52,7
1856.52,149.981,45,3
2254.17,233.185,40,1
2261.32,234.940,36,12
2276.17,238.076,14,10
2797.57,445.586,50,3
2798.67,446.948,25,6
2800.87,449.321,37,7
2802.39,450.830,49,2
2804.67,452.962,26,0
2806.85,455.101,37,1
2809.67,457.957,25,6
2811.87,460.019,29,4
2814.07,462.164,23,16
2815.72,463.821,28,3
2815.94,464.033,47,7
2817.92,465.879,34,4
2820.67,468.614,16,7
2822.55,470.609,34,18
2824.75,472.768,23,2
2830.02,477.225,7,5
2830.07,477.266,12,9
2833.32,480.038,38,4
2834.65,481.185,10,9
2837.17,483.209,5,4
2839.05,484.540,6,0
2842.67,486.968,15,5
2844.32,488.047,25,4
2847.07,489.860,0,18
2848.95,491.076,9,15
2851.15,492.487,12,16
2852.57,493.430,25,3
2855.32,495.214,33,5
2857.74,496.787,18,1
2859.95,498.337,18,13
2861.92,499.746,0,14
2862.14,499.898,39,14
2866.55,503.010,4,3
2868.75,504.527,14,7
2870.95,506.056,12,0
2873.15,507.700,11,10
2874.57,508.753,26,7
2877.32,510.896,22,4
2877.53,511.058,41,5
2879.75,512.769,14,4
2881.72,514.259,21,7
2883.92,515.873,46,7
2884.00,515.928,18,12
2884.47,516.260,36,14
2885.57,516.991,26,0
2888.32,518.802,38,4
2890.52,520.279,10,8
2892.17,521.406,20,1
2894.92,523.268,36,2
2897.67,525.165,23,5
2899.32,526.486,23,28
2899.32,526.325,6,12
2901.52,527.925,18,0
2905.92,531.624,38,11
2905.92,531.445,-5,10
2908.67,533.721,26,1
2909.77,534.795,37,2
2912.52,537.639,28,7
2913.07,538.187,16,5
2915.82,540.880,44,8
2918.25,543.272,23,2
2919.67,544.654,47,5
2921.55,546.338,29,2
2923.52,548.077,38,2
2925.95,550.136,12,7
2928.15,551.732,35,6
2930.67,553.120,16,8
2932.32,553.992,14,5
2934.75,555.487,7,4
2936.95,556.677,7,12
2938.92,557.515,40,4
2941.67,558.676,45,1
2944.65,560.144,7,2
2946.07,560.848,8,1
2947.95,561.661,31,5
2950.15,562.513,7,8
2952.67,563.446,11,3
2955.65,564.509,13,1
2957.07,565.044,15,10
2958.72,565.638,44,8
2961.15,566.410,8,6
2963.67,567.170,2,3
2965.55,567.711,8,11
2967.75,568.367,33,2
2969.72,569.040,33,7
2972.15,569.870,19,0
2974.67,570.773,3,2
2976.55,571.453,15,1
2980.72,572.778,9,4
2983.15,573.678,10,5
2985.67,574.707,20,3
2987.32,575.351,20,4
2991.95,577.373,5,10
2993.37,578.073,9,2
2995.25,579.000,12,4
2996.67,579.705,-5,13
2997.77,580.273,-6,12
2998.32,580.596,0,9
2999.42,581.316,15,4
3000.52,582.178,13,6
3003.27,584.813,16,5
3004.92,586.394,47,4
3006.02,587.466,16,2
3007.67,589.167,-2,1
3008.77,590.250,32,11
3009.87,591.340,15,4
3012.07,593.804,2,5
3013.72,595.809,24,6
3015.92,598.754,31,4
3016.99,600.169,21,7
3017.57,600.932,17,2
3018.67,602.298,20,12
3020.32,604.321,27,6
3022.60,607.129,23,13
3024.72,609.579,32,2
3024.72,609.574,29,4
3026.92,611.920,26,4
3029.12,614.273,7,7
3029.67,614.867,-21,2
3030.22,615.480,-7,9
3030.77,616.088,14,12
3031.32,616.709,10,3
3033.73,619.573,26,6
3035.72,622.028,38,6
3037.37,624.172,34,3
3037.92,624.921,54,2
3039.57,627.372,55,11
3040.67,629.408,55,6
3041.77,631.832,56,8
3042.32,633.089,50,4
3043.58,636.134,25,3
3044.52,638.458,24,7
3044.52,638.446,60,4
3046.17,642.350,56,5
3047.27,644.644,58,0
3047.82,645.733,50,9
3048.92,647.841,48,17
3050.02,649.674,71,6
3051.12,651.439,42,0
3052.22,653.201,30,0
3053.32,654.904,45,3
3055.52,658.158,34,3
3057.17,660.818,56,3
3057.72,661.675,15,4
3059.37,664.101,32,9
3059.75,664.583,23,5
3061.02,666.266,25,6
3062.67,668.600,12,1
3064.55,670.855,31,5
3065.65,672.012,25,0
3067.07,673.902,28,6
3068.72,675.728,32,1
3071.15,678.146,24,0
3073.67,680.429,25,16
3075.55,682.172,26,14
3077.75,684.275,9,7
3079.72,685.926,39,7
3081.92,687.679,22,1
3084.67,689.778,2,13
3086.32,690.943,27,2
3088.52,692.542,6,2
3090.72,694.019,20,6
3092.92,695.463,25,5
3095.67,697.184,35,6
3097.32,698.238,28,7
3099.52,699.621,41,5
3101.72,701.008,38,3
3103.92,702.449,41,7
3106.67,704.405,19,4
3108.32,705.507,28,9
3110.52,707.044,27,7
3112.72,708.754,32,7
3114.92,710.684,28,5
3116.57,712.159,22,14
3117.67,713.182,6,1
3118.78,714.251,25,10
3119.32,714.778,44,5
3120.42,715.872,52,7
3121.52,716.993,51,2
3122.62,718.349,46,21
3123.72,719.724,35,0
3125.92,722.125,54,5
3127.57,723.975,28,8
3128.67,725.215,8,7
3129.76,726.408,29,1
3130.32,727.016,41,3
3132.52,729.412,42,4
3134.72,731.551,38,8
3136.92,733.712,50,1
3139.12,735.791,48,3
3140.22,736.899,22,17
3140.77,737.542,65,0
3141.32,738.186,47,3
3142.97,740.275,40,4
3143.52,740.948,54,13
3143.52,740.942,68,5
3144.84,742.489,23,7
3145.17,742.882,13,9
3146.81,744.869,47,5
3146.82,744.887,31,4
3148.47,746.877,40,10
3150.67,749.527,33,10
3152.43,751.690,18,7
3154.67,754.729,25,4
3157.79,758.691,26,0
3158.87,759.958,17,19
3160.57,761.995,36,1
3164.40,767.175,38,5
3166.07,769.340,20,1
3166.62,770.089,-4,1
3167.17,770.903,28,1
3168.73,773.033,6,8
3171.02,775.922,27,4
3172.67,777.937,17,6
3174.48,779.991,1,6
3176.52,782.332,12,6
3178.72,784.693,22,3
3180.37,786.424,0,8
3182.02,788.090,-3,6
3183.12,789.156,17,4
3184.22,790.266,59,8
3185.32,791.600,45,3
3186.42,793.051,24,7
3187.52,794.628,33,2
3188.62,796.297,51,6
