GPP_percent_modern,pCO2_ppmv,D17O_permil
100,294.0,-0.41
100,409.252669039146,-0.4664824318989341
100,527.876631079478,-0.5153967627319384
100,646.5005931198101,-0.5728780102645086
100,765.1245551601423,-0.6240031583103041
100,883.7485172004747,-0.6742992499013027
100,1002.3724792408068,-0.7262534544018949
100,1120.996441281139,-0.7762731938412948
100,1239.620403321471,-0.8298855112514805
100,1358.2443653618031,-0.8793525463876826
100,1476.8683274021353,-0.9299249901302803
100,1595.4922894424674,-0.9810501381760759
100,1714.1162514827997,-1.03245163837347
100,1832.7402135231318,-1.0808132649032767
100,1951.364175563464,-1.133043821555468
100,2069.988137603796,-1.1800236873272798
100,2188.612099644128,-1.2311488353730753
100,2307.2360616844603,-1.2803395183576787
100,2425.8600237247924,-1.3350572443742599
100,2544.4839857651245,-1.3831425187524675
100,2663.1079478054567,-1.4312277931306752
100,2781.731909845789,-1.481247532570075
100,2906.2870699881373,-1.5355130459749489
100,3024.91103202847,-1.5844190025003289
100,3137.603795966785,-1.627990525069088
100,3256.2277580071172,-1.6780102645084878
100,3374.85172004745,-1.7238847216739046
100,3493.475682087782,-1.7733517568101065
100,3612.099644128114,-1.8203316225819186
100,3730.7236061684466,-1.868969601263324
100,3849.3475682087783,-1.9167785234899326
100,3967.9715302491104,-1.9643110935649428
100,4086.5954922894425,-2.0112909593367547
100,4205.2194543297755,-2.060205290169759
100,4323.843416370106,-2.107737860244769
100,4442.467378410439,-2.1536123174101856
100,4561.091340450771,-2.201697591788393
100,4679.715302491104,-2.247295696802211
100,4798.339264531436,-2.2948282668772206
100,4916.963226571768,-2.3404263718910383
100,5035.5871886121,-2.3893407027240423
100,5154.2111506524325,-2.4330043426766674
100,5272.835112692765,-2.4833004342676666
100,5391.459074733097,-2.5266877220686936
100,5510.083036773428,-2.5739439399921045
100,5628.706998813761,-2.619542045005922
100,5753.2621589561095,-2.665542116785702
100,5877.817319098458,-2.7143308330043423
100,5996.44128113879,-2.7599289380181604
100,6109.134045077106,-2.803746106943896
100,6221.8268090154215,-2.84504540071062
100,6340.450771055754,-2.8928543229372288
100,6459.074733096086,-2.9354125542834586
100,6577.698695136418,-2.9821160679036716
100,6696.32265717675,-3.0243979470983025
100,6814.946619217082,-3.06999605211212
100,6933.570581257414,-3.11255428345835
100,7052.194543297746,-3.158705092775365
100,7170.8185053380785,-3.200710619818397
100,7289.442467378411,-3.2446506119226215
100,7408.066429418742,-3.2891433083300434
100,7526.690391459076,-3.330319778918278
100,7645.314353499407,-3.3761942360836956
100,7763.938315539739,-3.4215159889459144
100,7882.56227758007,-3.4640742202921437
100,8001.186239620404,-3.504421634425582
100,8119.810201660735,-3.549190682984603
100,8238.434163701068,-3.590919857876036
100,8357.0581257414,-3.6334780892222662
100,8475.682087781732,-3.6746545598105014
100,8594.306049822064,-3.7158310303987365
100,8712.930011862396,-3.7572838531385706
100,8831.553973902728,-3.7987366758784047
100,8950.177935943062,-3.841294907224635
100,9068.801897983392,-3.883853138570865
100,9187.425860023726,-3.926687722068693
100,9306.049822064057,-3.966482431898934
100,9424.67378410439,-4.009317015396762
100,9543.29774614472,-4.049388077378602
100,9661.921708185053,-4.091946308724832
100,9780.545670225385,-4.1333991314646665
100,9899.169632265719,-4.172917489143308
100,10017.79359430605,-4.21271219897355
100,10136.417556346381,-4.252506908803791
100,10255.041518386714,-4.2911962100276355
100,10373.665480427047,-4.332372680615871
100,10492.28944246738,-4.370509277536518
100,10610.91340450771,-4.411133043821556
100,10729.537366548044,-4.452862218712989
100,10848.161328588376,-4.490998815633636
100,10966.785290628706,-4.531346229767074
100,11085.40925266904,-4.571417291748913
100,11209.964412811389,-4.613824785557908
100,11328.58837485172,-4.649778479624512
100,11441.281138790035,-4.689419660481642
100,11565.836298932385,-4.725119333883644
100,11684.460260972717,-4.765539325349827
100,11803.08422301305,-4.804507770161146
100,11921.708185053381,-4.841996753958855
100,12040.332147093712,-4.879625309550299
100,12158.956109134046,-4.91784006667544
100,12271.648873072361,-4.953335965258587
100,12390.272835112693,-4.993407027240427
100,12508.896797153026,-5.029609159099882
100,12627.520759193358,-5.066087643110936
100,12746.14472123369,-5.105882352941177
100,12864.768683274024,-5.138768258981445
100,12983.392645314354,-5.1780102645084884
100,13107.947805456703,-5.215518788357319
100,13226.571767497035,-5.250383822432776
100,13339.264531435349,-5.2846821950256615
100,13457.888493475682,-5.320331622581919
100,13576.512455516015,-5.358468219502567
100,13695.136417556347,-5.393288590604027
100,13813.760379596677,-5.43031977891828
100,13932.384341637011,-5.464863797868141
100,14051.008303677343,-5.500789577575998
100,14169.632265717675,-5.535333596525859
100,14288.256227758005,-5.571259376233715
100,14406.88018979834,-5.60746150809317
100,14525.504151838672,-5.641729174891433
100,14644.128113879002,-5.674338728780102
100,14762.752075919338,-5.708330043426767
100,14881.376037959668,-5.743150414528228
100,15000.000000000004,-5.778247137781286
100,15118.623962040332,-5.81251480457955
100,15237.247924080662,-5.846506119226214
100,15355.871886120998,-5.881879194630873
100,15474.495848161328,-5.914765100671141
100,15593.119810201659,-5.9490327674694035
100,15711.743772241995,-5.98247137781287
100,15830.367734282325,-6.015909988156336
100,15954.922894424673,-6.048846140042349
100,16073.546856465005,-6.084353204368996
100,16186.23962040332,-6.113738649822345
100,16304.863582443655,-6.147729964469009
100,16423.487544483985,-6.179510461902882
100,16542.111506524314,-6.212120015791551
100,16660.73546856465,-6.245282273983419
100,16779.35943060498,-6.2778918278720885
100,16897.983392645318,-6.308566916699567
100,17016.607354685646,-6.342005527043031
100,17135.231316725978,-6.373233320173706
100,17253.855278766314,-6.402803000394789
100,17372.479240806642,-6.437070667193052
100,17491.10320284697,-6.464153178049744
100,17609.727164887307,-6.495933675483616
100,17728.35112692764,-6.52743782076589
100,17846.97508896797,-6.558112909593367
100,17965.599051008303,-6.589064350572444
100,18084.223013048635,-6.620292143703118
100,18202.84697508897,-6.648203711014607
100,18321.4709371293,-6.678878799842084
100,18440.094899169628,-6.7101065929727595
100,18558.718861209964,-6.740505329648639
100,18677.342823250296,-6.7703513620213185
100,18795.96678529063,-6.800197394393999
100,18914.59074733096,-6.8300434267666805
100,19033.214709371292,-6.859336754836162
100,19151.838671411628,-6.88752467429925
100,19270.462633451956,-6.915159889459138
100,19389.086595492285,-6.944453217528623
100,19507.71055753262,-6.97264113699171
100,19626.334519572953,-7.001934465061192
100,19744.958481613285,-7.031504145282274
100,19863.582443653617,-7.05748124753257
100,19982.20640569395,-7.087603632056849
100,20100.830367734285,-7.113857086458745
100,20219.454329774617,-7.1423213580734295
100,20338.078291814945,-7.166363995262534
100,20456.702253855277,-7.196486379786814
100,20575.32621589561,-7.224397947098302
100,20693.950177935945,-7.2528622187129885
100,20812.574139976274,-7.279392025266482
100,20931.198102016606,-7.308132649032767
100,21049.82206405694,-7.333557046979867
100,21168.44602609727,-7.359257797078563
100,21287.0699881376,-7.386063955783657
100,21405.693950177934,-7.412041058033952
100,21524.317912218266,-7.43774180813265
100,21642.941874258602,-7.465100671140941
100,21761.56583629893,-7.49273588630083
100,21880.189798339263,-7.516225819186734
100,21998.8137603796,-7.542202921437031
100,22117.437722419927,-7.567903671535729
100,22236.061684460255,-7.5922226608764305
100,22354.685646500595,-7.617647058823529
100,22479.240806642938,-7.643649283996698
100,22603.795966785292,-7.669601263324123
100,22716.488730723606,-7.693336842567003
100,22829.18149466192,-7.716304776944334
100,22947.805456702255,-7.741729174891432
100,23072.360616844602,-7.766249147615116
100,23196.915776986956,-7.793130675088828
100,23309.608540925266,-7.814931789270519
100,23422.301304863584,-7.836794315041454
100,23546.85646500593,-7.861967483759824
100,23671.41162514828,-7.887090406632451
100,23784.104389086595,-7.910426810545248
100,23896.797153024912,-7.93241215949467
100,24015.421115065245,-7.954796683774181
100,24139.97627520759,-7.979542762803717
100,24258.600237247927,-7.999780672895557
100,24371.29300118624,-8.023884721673905
100,24489.916963226573,-8.047374654559812
100,24608.5409252669,-8.06810106592973
100,24733.096085409252,-8.091842228044358
100,24851.720047449588,-8.114313286835987
100,24964.4128113879,-8.135807343071457
100,25083.036773428234,-8.15542834583498
100,25207.59193357058,-8.178265082726195
100,25326.215895610912,-8.199982453831645
100,25438.908659549234,-8.220923805763917
100,25557.532621589562,-8.24026845637584
100,25676.15658362989,-8.261547572048952
100,25794.780545670226,-8.28503750493486
100,25913.40450771056,-8.303553099091987
100,26032.028469750894,-8.324279510461905
100,26150.652431791223,-8.346387682589814
100,26275.207591933573,-8.36643577504217
100,26393.831553973905,-8.38759485897267
100,26506.524317912223,-8.40552704303198
100,26625.148279952547,-8.425700750098699
100,26743.772241992883,-8.445321752862219
100,26862.396204033215,-8.466600868535332
100,26981.020166073547,-8.484840110540862
100,27099.64412811388,-8.50556652191078
100,27218.26809015421,-8.523253059613106
100,27342.823250296562,-8.54279869360801
100,27461.44721233689,-8.56261788831864
100,27574.139976275204,-8.581287011448875
100,27692.76393831554,-8.595933675483618
100,27811.387900355872,-8.61776549545993
100,27930.011862396204,-8.636004737465454
100,28048.635824436536,-8.653138570864588
100,28167.25978647687,-8.671930517173312
100,28285.883748517197,-8.68961705487564
100,28404.507710557536,-8.70757994472957
100,28523.13167259786,-8.724713778128699
100,28641.755634638197,-8.741018555073037
100,28760.37959667853,-8.759534149230163
100,28879.00355871886,-8.776667982629293
100,28997.627520759193,-8.79242005527043
100,29116.251482799526,-8.810935649427558
100,29234.87544483986,-8.825858665613897
100,29353.499406880193,-8.84243979470983
100,29472.12336892052,-8.859573628108961
100,29590.747330960854,-8.8753257007501
100,29709.37129300119,-8.89467035136202
100,29774.61447212337,-8.901302803000394
50,294.0,-0.539
50,409.252669039146,-0.6521910777733912
50,527.876631079478,-0.747256217923411
50,646.5005931198101,-0.8503355704697986
50,765.1245551601423,-0.9465061192262139
50,883.7485172004747,-1.046269245953415
50,1002.3724792408068,-1.1446506119226214
50,1120.996441281139,-1.2419265692854322
50,1239.620403321471,-1.339202526648243
50,1358.2443653618031,-1.4362021318594551
50,1476.8683274021353,-1.5323726806158706
50,1595.4922894424674,-1.6243979470983025
50,1714.1162514827997,-1.7216739044611131
50,1832.7402135231318,-1.811212001579155
50,1951.364175563464,-1.905171733122779
50,2069.988137603796,-1.9966442953020134
50,2188.612099644128,-2.0908803789972366
50,2307.2360616844603,-2.1820765890248714
50,2425.8600237247924,-2.2729964469009074
50,2544.4839857651245,-2.3644690090801417
50,2663.1079478054567,-2.4553888669561785
50,2781.731909845789,-2.5471377812870117
50,2906.2870699881373,-2.6411728815992532
50,3024.91103202847,-2.7312804316357413
50,3137.603795966785,-2.81243584682195
50,3256.2277580071172,-2.9055665219107776
50,3374.85172004745,-2.9879194630872483
50,3493.475682087782,-3.0796683774180815
50,3612.099644128114,-3.1620213185945523
50,3730.7236061684466,-3.2490722463482036
50,3849.3475682087783,-3.3328069482826685
50,3967.9715302491104,-3.4209632846427156
50,4086.5954922894425,-3.503039873667588
50,4205.2194543297755,-3.587050927753652
50,4323.843416370106,-3.673272799052507
50,4442.467378410439,-3.7534149230161864
50,4561.091340450771,-3.837978681405448
50,4679.715302491104,-3.921989735491512
50,4798.339264531436,-4.004066324516384
50,4916.963226571768,-4.083932096328465
50,5035.5871886121,-4.168772206869325
50,5154.2111506524325,-4.2450454007106195
50,5272.835112692765,-4.329885511251481
50,5391.459074733097,-4.40477694433478
50,5510.083036773428,-4.4865771812080535
50,5628.706998813761,-4.561744966442953
50,5753.2621589561095,-4.64397229300506
50,5877.817319098458,-4.725345440189498
50,5996.44128113879,-4.8021713383339915
50,6109.134045077106,-4.877615475720489
50,6221.8268090154215,-4.944492696407422
50,6340.450771055754,-5.026845637583893
50,6459.074733096086,-5.098697196999604
50,6577.698695136418,-5.175246742992498
50,6696.32265717675,-5.247374654559811
50,6814.946619217082,-5.324200552704303
50,6933.570581257414,-5.3957757599684175
50,7052.194543297746,-5.470943545203317
50,7170.8185053380785,-5.541136991709434
50,7289.442467378411,-5.61492301618634
50,7408.066429418742,-5.685392814844059
50,7526.690391459076,-5.753928148440584
50,7645.314353499407,-5.8277141729174895
50,7763.938315539739,-5.895973154362416
50,7882.56227758007,-5.968377418081326
50,8001.186239620404,-6.034701934465061
50,8119.810201660735,-6.105448085274378
50,8238.434163701068,-6.170390840900118
50,8357.0581257414,-6.241689696012633
50,8475.682087781732,-6.309395973154363
50,8594.306049822064,-6.37737860244769
50,8712.930011862396,-6.443703118831425
50,8831.553973902728,-6.508093170153968
50,8950.177935943062,-6.577181208053692
50,9068.801897983392,-6.641847611527832
50,9187.425860023726,-6.706790367153573
50,9306.049822064057,-6.769522305566523
50,9424.67378410439,-6.833912356889064
50,9543.29774614472,-6.896367943150414
50,9661.921708185053,-6.961310698776155
50,9780.545670225385,-7.02210817212791
50,9899.169632265719,-7.084563758389261
50,10017.79359430605,-7.14757204895381
50,10136.417556346381,-7.209198578760363
50,10255.041518386714,-7.271377812870114
50,10373.665480427047,-7.332175286221871
50,10492.28944246738,-7.393801816028426
50,10610.91340450771,-7.451006711409396
50,10729.537366548044,-7.51512041058034
50,10848.161328588376,-7.5734307145677064
50,10966.785290628706,-7.6328464271614695
50,11085.40925266904,-7.6894986182392415
50,11209.964412811389,-7.749668018519184
50,11328.58837485172,-7.80602710883011
50,11441.281138790035,-7.863047769443348
50,11565.836298932385,-7.919247747909413
50,11684.460260972717,-7.978900732552528
50,11803.08422301305,-8.034310734666045
50,11921.708185053381,-8.088520419353424
50,12040.332147093712,-8.144349136848149
50,12158.956109134046,-8.199675395885425
50,12271.648873072361,-8.250493485984999
50,12390.272835112693,-8.301618634030794
50,12508.896797153026,-8.35744176865377
50,12627.520759193358,-8.409672325305962
50,12746.14472123369,-8.465219107777338
50,12864.768683274024,-8.51219897354915
50,12983.392645314354,-8.568851164626924
50,13107.947805456703,-8.620428525284428
50,13226.571767497035,-8.671930517173314
50,13339.264531435349,-8.719186735096724
50,13457.888493475682,-8.770035530990919
50,13576.512455516015,-8.818397157520726
50,13695.136417556347,-8.868969601263323
50,13813.760379596677,-8.918712988551126
50,13932.384341637011,-8.966521910777733
50,14051.008303677343,-9.016265298065537
50,14169.632265717675,-9.062968811685748
50,14288.256227758005,-9.112159494670351
50,14406.88018979834,-9.155823134622977
50,14525.504151838672,-9.206395578365575
50,14644.128113879002,-9.249782866166601
50,14762.752075919338,-9.299526253454403
50,14881.376037959668,-9.343742597710223
50,15000.000000000004,-9.388511646269247
50,15118.623962040332,-9.43466245558626
50,15237.247924080662,-9.47777339123569
50,15355.871886120998,-9.523371496249506
50,15474.495848161328,-9.56731148835373
50,15593.119810201659,-9.612080536912753
50,15711.743772241995,-9.652427951046189
50,15830.367734282325,-9.697473351756813
50,15954.922894424673,-9.738901051573771
50,16073.546856465005,-9.78593674606308
50,16186.23962040332,-9.825148045795498
50,16304.863582443655,-9.866600868535333
50,16423.487544483985,-9.905566521910778
50,16542.111506524314,-9.947848401105407
50,16660.73546856465,-9.988195815238848
50,16779.35943060498,-10.02799052506909
50,16897.983392645318,-10.066403474141335
50,17016.607354685646,-10.105921831819979
50,17135.231316725978,-10.144887485195419
50,17253.855278766314,-10.183024082116066
50,17372.479240806642,-10.222542439794712
50,17491.10320284697,-10.258468219502566
50,17609.727164887307,-10.29715752072641
50,17728.35112692764,-10.335570469798657
50,17846.97508896797,-10.373154362416107
50,17965.599051008303,-10.406869324911174
50,18084.223013048635,-10.444453217528624
50,18202.84697508897,-10.480655349388078
50,18321.4709371293,-10.51519936833794
50,18440.094899169628,-10.550572443742597
50,18558.718861209964,-10.58539281484406
50,18677.342823250296,-10.622700355309911
50,18795.96678529063,-10.653375444137387
50,18914.59074733096,-10.690130280300039
50,19033.214709371292,-10.720805369127515
50,19151.838671411628,-10.75479668377418
50,19270.462633451956,-10.787682589814448
50,19389.086595492285,-10.821121200157915
50,19507.71055753262,-10.850690880378998
50,19626.334519572953,-10.884129490722463
50,19744.958481613285,-10.917291748914332
50,19863.582443653617,-10.948243189893407
50,19982.20640569395,-10.97974733517568
50,20100.830367734285,-11.006553493880773
50,20219.454329774617,-11.040268456375838
50,20338.078291814945,-11.068732727990525
50,20456.702253855277,-11.101342281879194
50,20575.32621589561,-11.126213975523095
50,20693.950177935945,-11.158547177260164
50,20812.574139976274,-11.185906040268456
50,20931.198102016606,-11.21685748124753
50,21049.82206405694,-11.242834583497828
50,21168.44602609727,-11.271022502960914
50,21287.0699881376,-11.298381365969206
50,21405.693950177934,-11.326292933280694
50,21524.317912218266,-11.353099091985788
50,21642.941874258602,-11.376589024871695
50,21761.56583629893,-11.40726411369917
50,21880.189798339263,-11.42992499013028
50,21998.8137603796,-11.45783655744177
50,22117.437722419927,-11.480497433872879
50,22236.061684460255,-11.508409001184367
50,22354.685646500595,-11.53272799052507
50,22479.240806642938,-11.55905681369558
50,22603.795966785292,-11.583853138570865
50,22716.488730723606,-11.606483309207352
50,22829.18149466192,-11.631109356494274
50,22947.805456702255,-11.65294117647059
50,23072.360616844602,-11.677637009654381
50,23196.915776986956,-11.701026450848795
50,23309.608540925266,-11.721322981094003
50,23422.301304863584,-11.742479273588632
50,23546.85646500593,-11.76807953199584
50,23671.41162514828,-11.786419265692853
50,23784.104389086595,-11.810369785498091
50,23896.797153024912,-11.829806553493878
50,24015.421115065245,-11.851362021318597
50,24139.97627520759,-11.871837203459785
50,24258.600237247927,-11.892047199192877
50,24371.29300118624,-11.909672325305959
50,24489.916963226573,-11.930122384524278
50,24608.5409252669,-11.948637978681408
50,24733.096085409252,-11.970821519577935
50,24851.720047449588,-11.99214808966092
50,24964.4128113879,-12.008330043426767
50,25083.036773428234,-12.02795104619029
50,25207.59193357058,-12.046190288195815
50,25326.215895610912,-12.064613764969074
50,25438.908659549234,-12.080734307145676
50,25557.532621589562,-12.098973549151205
50,25676.15658362989,-12.11776549545993
50,25794.780545670226,-12.135452033162258
50,25913.40450771056,-12.147887879984209
50,26032.028469750894,-12.166127121989735
50,26150.652431791223,-12.183537307540465
50,26275.207591933573,-12.198937659261388
50,26393.831553973905,-12.2141509847787
50,26506.524317912223,-12.229411764705882
50,26625.148279952547,-12.245440189498618
50,26743.772241992883,-12.258705092775367
50,26862.396204033215,-12.276115278326095
50,26981.020166073547,-12.287998420844847
50,27099.64412811388,-12.304579549940781
50,27218.26809015421,-12.316462692459535
50,27342.823250296562,-12.332340379715033
50,27461.44721233689,-12.342808264245296
50,27574.139976275204,-12.35736281089617
50,27692.76393831554,-12.370627714172917
50,27811.387900355872,-12.382234504540072
50,27930.011862396204,-12.395775759968416
50,28048.635824436536,-12.408211606790369
50,28167.25978647687,-12.423410975128306
50,28285.883748517197,-12.42976707461508
50,28404.507710557536,-12.444137386498223
50,28523.13167259786,-12.45270430319779
50,28641.755634638197,-12.46790367153573
50,28760.37959667853,-12.478405053296488
50,28879.00355871886,-12.491117252270037
50,28997.627520759193,-12.498578760363207
50,29116.251482799526,-12.50990919857876
50,29234.87544483986,-12.518752467429925
50,29353.499406880193,-12.53008290564548
50,29472.12336892052,-12.540584287406237
50,29590.747330960854,-12.548322147651007
50,29709.37129300119,-12.560757994472956
50,29774.61447212337,-12.562968811685748
