co2_ppmv,gpp_percent,d17o_o2_permil
94,51.968504,-0.356526
94,52.376586,-0.355923
94,52.784669,-0.355329
94,53.192752,-0.354743
94,53.600834,-0.354165
94,54.008917,-0.353595
94,54.416999,-0.353032
94,54.825082,-0.352478
94,55.233164,-0.351930
94,55.641247,-0.351391
94,56.049329,-0.350858
94,56.457412,-0.350333
94,56.865495,-0.349815
94,57.273577,-0.349305
94,57.681660,-0.348801
94,58.089742,-0.348304
94,58.497825,-0.347814
94,58.905907,-0.347330
94,59.313990,-0.346853
94,59.722072,-0.346383
94,60.130155,-0.345919
94,60.538238,-0.345462
94,60.946320,-0.345010
94,61.354403,-0.344565
94,61.762485,-0.344126
94,62.170568,-0.343693
94,62.578650,-0.343265
94,62.986733,-0.342844
94,63.394815,-0.342428
94,63.802898,-0.342018
94,64.210980,-0.341613
94,64.619063,-0.341214
94,65.027146,-0.340820
94,65.435228,-0.340432
94,65.843311,-0.340049
94,66.251393,-0.339670
94,66.659476,-0.339297
94,67.067558,-0.338929
94,67.475641,-0.338566
94,67.883723,-0.338207
94,68.291806,-0.337854
94,68.699889,-0.337504
94,69.107971,-0.337160
94,69.516054,-0.336820
94,69.924136,-0.336484
94,70.332219,-0.336153
94,70.740301,-0.335826
94,71.148384,-0.335503
94,71.556466,-0.335184
94,71.964549,-0.334870
94,72.372632,-0.334559
94,72.780714,-0.334252
94,73.188797,-0.333950
94,73.596879,-0.333651
94,74.004962,-0.333355
94,74.413044,-0.333063
94,74.821127,-0.332775
94,75.229209,-0.332491
94,75.637292,-0.332209
94,76.045374,-0.331932
94,76.453457,-0.331657
94,76.861540,-0.331386
94,77.269622,-0.331118
94,77.677705,-0.330853
94,78.085787,-0.330591
94,78.493870,-0.330332
94,78.901952,-0.330076
94,79.310035,-0.329824
94,79.718117,-0.329573
94,80.126200,-0.329326
94,80.534283,-0.329081
94,80.942365,-0.328840
94,81.350448,-0.328600
94,81.758530,-0.328363
94,82.166613,-0.328129
94,82.574695,-0.327897
94,82.982778,-0.327668
94,83.390860,-0.327441
94,83.798943,-0.327216
94,84.207025,-0.326994
94,84.615108,-0.326774
94,85.023191,-0.326555
94,85.431273,-0.326339
94,85.839356,-0.326125
94,86.247438,-0.325914
94,86.655521,-0.325704
94,87.063603,-0.325496
94,87.471686,-0.325289
94,87.879768,-0.325085
94,88.287851,-0.324883
94,88.695934,-0.324682
94,89.104016,-0.324483
94,89.512099,-0.324285
94,89.920181,-0.324090
94,90.328264,-0.323896
94,90.736346,-0.323703
94,91.144429,-0.323512
94,91.552511,-0.323322
94,91.960594,-0.323134
94,92.368677,-0.322948
94,92.776759,-0.322762
94,93.184842,-0.322578
94,93.592924,-0.322396
94,94.001007,-0.322214
94,94.409089,-0.322034
94,94.817172,-0.321855
94,95.225254,-0.321677
94,95.633337,-0.321501
94,96.041419,-0.321325
94,96.449502,-0.321151
94,96.857585,-0.320978
94,97.265667,-0.320805
94,97.673750,-0.320634
94,98.081832,-0.320464
94,98.489915,-0.320295
94,98.897997,-0.320126
94,99.306080,-0.319959
94,99.714162,-0.319792
94,100.122245,-0.319627
94,100.530328,-0.319462
94,100.938410,-0.319298
94,101.346493,-0.319135
94,101.754575,-0.318973
94,102.162658,-0.318811
94,102.570740,-0.318651
94,102.978823,-0.318491
94,103.386905,-0.318332
94,103.794988,-0.318173
94,104.203071,-0.318015
94,104.611153,-0.317858
94,105.019236,-0.317702
94,105.427318,-0.317546
94,105.835401,-0.317391
94,106.243483,-0.317236
94,106.651566,-0.317083
94,107.059648,-0.316929
94,107.467731,-0.316777
94,107.875813,-0.316625
94,108.283896,-0.316473
94,108.691979,-0.316323
94,109.100061,-0.316173
94,109.508144,-0.316023
94,109.916226,-0.315874
94,110.324309,-0.315726
94,110.732391,-0.315578
94,111.140474,-0.315430
94,111.548556,-0.315284
94,111.956639,-0.315138
94,112.364722,-0.314992
94,112.772804,-0.314847
94,113.180887,-0.314703
94,113.588969,-0.314559
94,113.997052,-0.314416
94,114.405134,-0.314273
94,114.813217,-0.314131
94,115.221299,-0.313990
94,115.629382,-0.313849
94,116.037464,-0.313708
94,116.445547,-0.313569
94,116.853630,-0.313430
94,117.261712,-0.313291
94,117.669795,-0.313154
94,118.077877,-0.313017
94,118.485960,-0.312880
94,118.894042,-0.312744
94,119.302125,-0.312609
94,119.710207,-0.312475
94,120.118290,-0.312341
94,120.526373,-0.312209
94,120.934455,-0.312076
94,121.342538,-0.311945
94,121.750620,-0.311814
94,122.158703,-0.311685
94,122.566785,-0.311556
94,122.974868,-0.311427
94,123.382950,-0.311300
94,123.791033,-0.311174
94,124.199116,-0.311048
94,124.607198,-0.310923
94,125.015281,-0.310800
94,125.423363,-0.310677
94,125.831446,-0.310555
94,126.239528,-0.310435
94,126.647611,-0.310315
94,127.055693,-0.310196
94,127.463776,-0.310079
94,127.871858,-0.309962
94,128.279941,-0.309847
94,128.688024,-0.309733
94,129.096106,-0.309620
94,129.504189,-0.309508
94,129.912271,-0.309398
94,130.320354,-0.309289
94,130.728436,-0.309181
94,131.136519,-0.309075
94,131.544601,-0.308970
94,131.952684,-0.308866
94,132.360767,-0.308764
94,132.768849,-0.308664
94,133.176932,-0.308565
94,133.585014,-0.308467
94,133.993097,-0.308372
94,134.401179,-0.308277
94,134.809262,-0.308185
94,135.217344,-0.308094
94,135.625427,-0.308005
94,136.033510,-0.307918
94,136.441592,-0.307833
94,136.849675,-0.307750
94,137.257757,-0.307668
94,137.665840,-0.307589
94,138.073922,-0.307512
94,138.482005,-0.307436
94,138.890087,-0.307363
94,139.298170,-0.307292
94,139.706252,-0.307224
94,140.114335,-0.307157
94,140.522418,-0.307093
94,140.930500,-0.307032
94,141.338583,-0.306972
194,51.968504,-0.441163
194,52.407148,-0.439853
194,52.845792,-0.438560
194,53.284435,-0.437286
194,53.723079,-0.436030
194,54.161723,-0.434791
194,54.600367,-0.433569
194,55.039011,-0.432365
194,55.477654,-0.431177
194,55.916298,-0.430006
194,56.354942,-0.428851
194,56.793586,-0.427713
194,57.232230,-0.426590
194,57.670873,-0.425484
194,58.109517,-0.424393
194,58.548161,-0.423317
194,58.986805,-0.422256
194,59.425449,-0.421210
194,59.864092,-0.420179
194,60.302736,-0.419163
194,60.741380,-0.418161
194,61.180024,-0.417173
194,61.618668,-0.416198
194,62.057311,-0.415238
194,62.495955,-0.414291
194,62.934599,-0.413357
194,63.373243,-0.412436
194,63.811887,-0.411529
194,64.250530,-0.410634
194,64.689174,-0.409751
194,65.127818,-0.408881
194,65.566462,-0.408023
194,66.005106,-0.407177
194,66.443749,-0.406343
194,66.882393,-0.405520
194,67.321037,-0.404709
194,67.759681,-0.403909
194,68.198325,-0.403120
194,68.636968,-0.402342
194,69.075612,-0.401575
194,69.514256,-0.400818
194,69.952900,-0.400071
194,70.391544,-0.399335
194,70.830187,-0.398609
194,71.268831,-0.397893
194,71.707475,-0.397186
194,72.146119,-0.396489
194,72.584763,-0.395801
194,73.023406,-0.395122
194,73.462050,-0.394453
194,73.900694,-0.393792
194,74.339338,-0.393140
194,74.777982,-0.392497
194,75.216625,-0.391862
194,75.655269,-0.391235
194,76.093913,-0.390616
194,76.532557,-0.390006
194,76.971201,-0.389403
194,77.409844,-0.388808
194,77.848488,-0.388220
194,78.287132,-0.387640
194,78.725776,-0.387067
194,79.164420,-0.386502
194,79.603063,-0.385943
194,80.041707,-0.385391
194,80.480351,-0.384846
194,80.918995,-0.384307
194,81.357639,-0.383775
194,81.796282,-0.383249
194,82.234926,-0.382729
194,82.673570,-0.382215
194,83.112214,-0.381708
194,83.550858,-0.381206
194,83.989501,-0.380710
194,84.428145,-0.380219
194,84.866789,-0.379734
194,85.305433,-0.379254
194,85.744077,-0.378779
194,86.182720,-0.378310
194,86.621364,-0.377845
194,87.060008,-0.377386
194,87.498652,-0.376931
194,87.937296,-0.376481
194,88.375939,-0.376035
194,88.814583,-0.375594
194,89.253227,-0.375157
194,89.691871,-0.374725
194,90.130515,-0.374296
194,90.569158,-0.373872
194,91.007802,-0.373452
194,91.446446,-0.373035
194,91.885090,-0.372623
194,92.323734,-0.372214
194,92.762377,-0.371808
194,93.201021,-0.371406
194,93.639665,-0.371008
194,94.078309,-0.370613
194,94.516953,-0.370221
194,94.955596,-0.369832
194,95.394240,-0.369447
194,95.832884,-0.369064
194,96.271528,-0.368684
194,96.710172,-0.368308
194,97.148815,-0.367934
194,97.587459,-0.367562
194,98.026103,-0.367194
194,98.464747,-0.366827
194,98.903391,-0.366464
194,99.342034,-0.366103
194,99.780678,-0.365744
194,100.219322,-0.365387
194,100.657966,-0.365033
194,101.096609,-0.364681
194,101.535253,-0.364331
194,101.973897,-0.363983
194,102.412541,-0.363637
194,102.851185,-0.363294
194,103.289828,-0.362952
194,103.728472,-0.362611
194,104.167116,-0.362273
194,104.605760,-0.361937
194,105.044404,-0.361602
194,105.483047,-0.361269
194,105.921691,-0.360937
194,106.360335,-0.360607
194,106.798979,-0.360279
194,107.237623,-0.359952
194,107.676266,-0.359627
194,108.114910,-0.359303
194,108.553554,-0.358980
194,108.992198,-0.358659
194,109.430842,-0.358339
194,109.869485,-0.358020
194,110.308129,-0.357703
194,110.746773,-0.357387
194,111.185417,-0.357073
194,111.624061,-0.356759
194,112.062704,-0.356447
194,112.501348,-0.356136
194,112.939992,-0.355826
194,113.378636,-0.355517
194,113.817280,-0.355209
194,114.255923,-0.354903
194,114.694567,-0.354597
194,115.133211,-0.354293
194,115.571855,-0.353989
194,116.010499,-0.353687
194,116.449142,-0.353386
194,116.887786,-0.353086
194,117.326430,-0.352787
194,117.765074,-0.352489
194,118.203718,-0.352192
194,118.642361,-0.351897
194,119.081005,-0.351602
194,119.519649,-0.351308
194,119.958293,-0.351016
194,120.396937,-0.350725
194,120.835580,-0.350434
194,121.274224,-0.350145
194,121.712868,-0.349857
194,122.151512,-0.349570
194,122.590156,-0.349285
194,123.028799,-0.349000
194,123.467443,-0.348717
194,123.906087,-0.348435
194,124.344731,-0.348154
194,124.783375,-0.347875
194,125.222018,-0.347596
194,125.660662,-0.347320
194,126.099306,-0.347044
194,126.537950,-0.346770
194,126.976594,-0.346497
194,127.415237,-0.346226
194,127.853881,-0.345956
194,128.292525,-0.345688
194,128.731169,-0.345422
194,129.169813,-0.345157
194,129.608456,-0.344894
194,130.047100,-0.344632
194,130.485744,-0.344372
194,130.924388,-0.344114
194,131.363032,-0.343858
194,131.801675,-0.343604
194,132.240319,-0.343351
194,132.678963,-0.343101
194,133.117607,-0.342853
194,133.556251,-0.342607
194,133.994894,-0.342363
194,134.433538,-0.342121
194,134.872182,-0.341881
194,135.310826,-0.341644
194,135.749470,-0.341410
194,136.188113,-0.341177
194,136.626757,-0.340948
194,137.065401,-0.340721
194,137.504045,-0.340496
194,137.942689,-0.340275
194,138.381332,-0.340056
194,138.819976,-0.339840
194,139.258620,-0.339627
194,139.697264,-0.339418
194,140.135908,-0.339211
194,140.574551,-0.339008
194,141.013195,-0.338807
194,141.451839,-0.338611
194,141.890483,-0.338418
194,142.329127,-0.338228
194,142.767770,-0.338042
194,143.206414,-0.337860
194,143.645058,-0.337682
194,144.083702,-0.337507
194,144.522346,-0.337337
194,144.960989,-0.337171
194,145.399633,-0.337009
194,145.838277,-0.336851
194,146.276921,-0.336698
194,146.715565,-0.336549
194,147.154208,-0.336405
194,147.592852,-0.336266
194,148.031496,-0.336131
294,51.968504,-0.524613
294,52.407148,-0.522658
294,52.845792,-0.520730
294,53.284435,-0.518828
294,53.723079,-0.516952
294,54.161723,-0.515103
294,54.600367,-0.513279
294,55.039011,-0.511480
294,55.477654,-0.509705
294,55.916298,-0.507956
294,56.354942,-0.506230
294,56.793586,-0.504529
294,57.232230,-0.502851
294,57.670873,-0.501196
294,58.109517,-0.499565
294,58.548161,-0.497955
294,58.986805,-0.496369
294,59.425449,-0.494804
294,59.864092,-0.493261
294,60.302736,-0.491739
294,60.741380,-0.490239
294,61.180024,-0.488759
294,61.618668,-0.487300
294,62.057311,-0.485861
294,62.495955,-0.484442
294,62.934599,-0.483042
294,63.373243,-0.481662
294,63.811887,-0.480301
294,64.250530,-0.478959
294,64.689174,-0.477636
294,65.127818,-0.476330
294,65.566462,-0.475043
294,66.005106,-0.473773
294,66.443749,-0.472521
294,66.882393,-0.471285
294,67.321037,-0.470067
294,67.759681,-0.468865
294,68.198325,-0.467680
294,68.636968,-0.466511
294,69.075612,-0.465357
294,69.514256,-0.464220
294,69.952900,-0.463097
294,70.391544,-0.461990
294,70.830187,-0.460897
294,71.268831,-0.459819
294,71.707475,-0.458756
294,72.146119,-0.457706
294,72.584763,-0.456670
294,73.023406,-0.455648
294,73.462050,-0.454640
294,73.900694,-0.453645
294,74.339338,-0.452662
294,74.777982,-0.451692
294,75.216625,-0.450735
294,75.655269,-0.449790
294,76.093913,-0.448857
294,76.532557,-0.447936
294,76.971201,-0.447027
294,77.409844,-0.446129
294,77.848488,-0.445242
294,78.287132,-0.444366
294,78.725776,-0.443501
294,79.164420,-0.442646
294,79.603063,-0.441802
294,80.041707,-0.440968
294,80.480351,-0.440144
294,80.918995,-0.439330
294,81.357639,-0.438525
294,81.796282,-0.437730
294,82.234926,-0.436944
294,82.673570,-0.436167
294,83.112214,-0.435399
294,83.550858,-0.434640
294,83.989501,-0.433889
294,84.428145,-0.433146
294,84.866789,-0.432412
294,85.305433,-0.431685
294,85.744077,-0.430967
294,86.182720,-0.430255
294,86.621364,-0.429552
294,87.060008,-0.428855
294,87.498652,-0.428166
294,87.937296,-0.427484
294,88.375939,-0.426809
294,88.814583,-0.426140
294,89.253227,-0.425478
294,89.691871,-0.424822
294,90.130515,-0.424173
294,90.569158,-0.423529
294,91.007802,-0.422892
294,91.446446,-0.422260
294,91.885090,-0.421634
294,92.323734,-0.421013
294,92.762377,-0.420398
294,93.201021,-0.419788
294,93.639665,-0.419184
294,94.078309,-0.418584
294,94.516953,-0.417989
294,94.955596,-0.417399
294,95.394240,-0.416814
294,95.832884,-0.416233
294,96.271528,-0.415657
294,96.710172,-0.415085
294,97.148815,-0.414517
294,97.587459,-0.413953
294,98.026103,-0.413393
294,98.464747,-0.412837
294,98.903391,-0.412285
294,99.342034,-0.411737
294,99.780678,-0.411192
294,100.219322,-0.410651
294,100.657966,-0.410113
294,101.096609,-0.409578
294,101.535253,-0.409047
294,101.973897,-0.408519
294,102.412541,-0.407994
294,102.851185,-0.407471
294,103.289828,-0.406952
294,103.728472,-0.406436
294,104.167116,-0.405922
294,104.605760,-0.405411
294,105.044404,-0.404903
294,105.483047,-0.404397
294,105.921691,-0.403894
294,106.360335,-0.403393
294,106.798979,-0.402895
294,107.237623,-0.402398
294,107.676266,-0.401905
294,108.114910,-0.401413
294,108.553554,-0.400923
294,108.992198,-0.400436
294,109.430842,-0.399951
294,109.869485,-0.399467
294,110.308129,-0.398986
294,110.746773,-0.398507
294,111.185417,-0.398029
294,111.624061,-0.397554
294,112.062704,-0.397080
294,112.501348,-0.396608
294,112.939992,-0.396138
294,113.378636,-0.395669
294,113.817280,-0.395203
294,114.255923,-0.394738
294,114.694567,-0.394275
294,115.133211,-0.393813
294,115.571855,-0.393353
294,116.010499,-0.392895
294,116.449142,-0.392439
294,116.887786,-0.391984
294,117.326430,-0.391530
294,117.765074,-0.391079
294,118.203718,-0.390629
294,118.642361,-0.390181
294,119.081005,-0.389734
294,119.519649,-0.389289
294,119.958293,-0.388846
294,120.396937,-0.388404
294,120.835580,-0.387964
294,121.274224,-0.387526
294,121.712868,-0.387089
294,122.151512,-0.386655
294,122.590156,-0.386222
294,123.028799,-0.385791
294,123.467443,-0.385361
294,123.906087,-0.384934
294,124.344731,-0.384508
294,124.783375,-0.384085
294,125.222018,-0.383663
294,125.660662,-0.383243
294,126.099306,-0.382826
294,126.537950,-0.382410
294,126.976594,-0.381997
294,127.415237,-0.381585
294,127.853881,-0.381176
294,128.292525,-0.380770
294,128.731169,-0.380365
294,129.169813,-0.379964
294,129.608456,-0.379564
294,130.047100,-0.379167
294,130.485744,-0.378773
294,130.924388,-0.378381
294,131.363032,-0.377992
294,131.801675,-0.377606
294,132.240319,-0.377223
294,132.678963,-0.376843
294,133.117607,-0.376465
294,133.556251,-0.376091
294,133.994894,-0.375720
294,134.433538,-0.375353
294,134.872182,-0.374988
294,135.310826,-0.374627
294,135.749470,-0.374270
294,136.188113,-0.373917
294,136.626757,-0.373567
294,137.065401,-0.373221
294,137.504045,-0.372878
294,137.942689,-0.372540
294,138.381332,-0.372207
294,138.819976,-0.371877
294,139.258620,-0.371552
294,139.697264,-0.371231
294,140.135908,-0.370915
294,140.574551,-0.370603
294,141.013195,-0.370297
294,141.451839,-0.369995
294,141.890483,-0.369698
294,142.329127,-0.369407
294,142.767770,-0.369121
294,143.206414,-0.368841
294,143.645058,-0.368566
294,144.083702,-0.368297
294,144.522346,-0.368033
294,144.960989,-0.367776
294,145.399633,-0.367525
294,145.838277,-0.367280
294,146.276921,-0.367042
294,146.715565,-0.366810
294,147.154208,-0.366585
294,147.592852,-0.366367
294,148.031496,-0.366156
394,51.968504,-0.607769
394,52.407148,-0.605166
394,52.845792,-0.602600
394,53.284435,-0.600069
394,53.723079,-0.597572
394,54.161723,-0.595110
394,54.600367,-0.592682
394,55.039011,-0.590287
394,55.477654,-0.587925
394,55.916298,-0.585596
394,56.354942,-0.583299
394,56.793586,-0.581034
394,57.232230,-0.578800
394,57.670873,-0.576597
394,58.109517,-0.574425
394,58.548161,-0.572282
394,58.986805,-0.570170
394,59.425449,-0.568086
394,59.864092,-0.566031
394,60.302736,-0.564005
394,60.741380,-0.562007
394,61.180024,-0.560037
394,61.618668,-0.558093
394,62.057311,-0.556177
394,62.495955,-0.554287
394,62.934599,-0.552424
394,63.373243,-0.550586
394,63.811887,-0.548773
394,64.250530,-0.546985
394,64.689174,-0.545222
394,65.127818,-0.543483
394,65.566462,-0.541768
394,66.005106,-0.540077
394,66.443749,-0.538408
394,66.882393,-0.536763
394,67.321037,-0.535140
394,67.759681,-0.533538
394,68.198325,-0.531959
394,68.636968,-0.530401
394,69.075612,-0.528864
394,69.514256,-0.527348
394,69.952900,-0.525852
394,70.391544,-0.524377
394,70.830187,-0.522921
394,71.268831,-0.521484
394,71.707475,-0.520067
394,72.146119,-0.518668
394,72.584763,-0.517288
394,73.023406,-0.515925
394,73.462050,-0.514581
394,73.900694,-0.513254
394,74.339338,-0.511945
394,74.777982,-0.510652
394,75.216625,-0.509376
394,75.655269,-0.508116
394,76.093913,-0.506872
394,76.532557,-0.505644
394,76.971201,-0.504431
394,77.409844,-0.503234
394,77.848488,-0.502051
394,78.287132,-0.500883
394,78.725776,-0.499730
394,79.164420,-0.498590
394,79.603063,-0.497464
394,80.041707,-0.496352
394,80.480351,-0.495253
394,80.918995,-0.494167
394,81.357639,-0.493094
394,81.796282,-0.492033
394,82.234926,-0.490984
394,82.673570,-0.489948
394,83.112214,-0.488923
394,83.550858,-0.487910
394,83.989501,-0.486908
394,84.428145,-0.485917
394,84.866789,-0.484937
394,85.305433,-0.483968
394,85.744077,-0.483009
394,86.182720,-0.482060
394,86.621364,-0.481121
394,87.060008,-0.480192
394,87.498652,-0.479272
394,87.937296,-0.478361
394,88.375939,-0.477460
394,88.814583,-0.476568
394,89.253227,-0.475684
394,89.691871,-0.474808
394,90.130515,-0.473941
394,90.569158,-0.473082
394,91.007802,-0.472231
394,91.446446,-0.471388
394,91.885090,-0.470552
394,92.323734,-0.469724
394,92.762377,-0.468903
394,93.201021,-0.468089
394,93.639665,-0.467281
394,94.078309,-0.466480
394,94.516953,-0.465686
394,94.955596,-0.464899
394,95.394240,-0.464117
394,95.832884,-0.463341
394,96.271528,-0.462572
394,96.710172,-0.461808
394,97.148815,-0.461049
394,97.587459,-0.460297
394,98.026103,-0.459549
394,98.464747,-0.458807
394,98.903391,-0.458069
394,99.342034,-0.457337
394,99.780678,-0.456609
394,100.219322,-0.455886
394,100.657966,-0.455168
394,101.096609,-0.454454
394,101.535253,-0.453744
394,101.973897,-0.453039
394,102.412541,-0.452337
394,102.851185,-0.451640
394,103.289828,-0.450946
394,103.728472,-0.450257
394,104.167116,-0.449571
394,104.605760,-0.448888
394,105.044404,-0.448209
394,105.483047,-0.447534
394,105.921691,-0.446862
394,106.360335,-0.446193
394,106.798979,-0.445527
394,107.237623,-0.444864
394,107.676266,-0.444204
394,108.114910,-0.443548
394,108.553554,-0.442894
394,108.992198,-0.442243
394,109.430842,-0.441595
394,109.869485,-0.440949
394,110.308129,-0.440306
394,110.746773,-0.439666
394,111.185417,-0.439028
394,111.624061,-0.438393
394,112.062704,-0.437760
394,112.501348,-0.437130
394,112.939992,-0.436502
394,113.378636,-0.435876
394,113.817280,-0.435253
394,114.255923,-0.434632
394,114.694567,-0.434013
394,115.133211,-0.433397
394,115.571855,-0.432783
394,116.010499,-0.432171
394,116.449142,-0.431561
394,116.887786,-0.430954
394,117.326430,-0.430348
394,117.765074,-0.429745
394,118.203718,-0.429144
394,118.642361,-0.428546
394,119.081005,-0.427949
394,119.519649,-0.427355
394,119.958293,-0.426763
394,120.396937,-0.426173
394,120.835580,-0.425586
394,121.274224,-0.425001
394,121.712868,-0.424418
394,122.151512,-0.423837
394,122.590156,-0.423259
394,123.028799,-0.422684
394,123.467443,-0.422110
394,123.906087,-0.421540
394,124.344731,-0.420971
394,124.783375,-0.420406
394,125.222018,-0.419843
394,125.660662,-0.419282
394,126.099306,-0.418725
394,126.537950,-0.418170
394,126.976594,-0.417618
394,127.415237,-0.417069
394,127.853881,-0.416523
394,128.292525,-0.415981
394,128.731169,-0.415441
394,129.169813,-0.414904
394,129.608456,-0.414371
394,130.047100,-0.413841
394,130.485744,-0.413315
394,130.924388,-0.412792
394,131.363032,-0.412273
394,131.801675,-0.411758
394,132.240319,-0.411246
394,132.678963,-0.410738
394,133.117607,-0.410235
394,133.556251,-0.409735
394,133.994894,-0.409240
394,134.433538,-0.408750
394,134.872182,-0.408263
394,135.310826,-0.407782
394,135.749470,-0.407305
394,136.188113,-0.406833
394,136.626757,-0.406366
394,137.065401,-0.405904
394,137.504045,-0.405448
394,137.942689,-0.404996
394,138.381332,-0.404551
394,138.819976,-0.404111
394,139.258620,-0.403677
394,139.697264,-0.403249
394,140.135908,-0.402827
394,140.574551,-0.402411
394,141.013195,-0.402002
394,141.451839,-0.401599
394,141.890483,-0.401203
394,142.329127,-0.400815
394,142.767770,-0.400433
394,143.206414,-0.400059
394,143.645058,-0.399692
394,144.083702,-0.399332
394,144.522346,-0.398981
394,144.960989,-0.398638
394,145.399633,-0.398303
394,145.838277,-0.397976
394,146.276921,-0.397658
394,146.715565,-0.397348
394,147.154208,-0.397048
394,147.592852,-0.396757
394,148.031496,-0.396476
494,58.923885,-0.642026
494,59.330769,-0.639762
494,59.737653,-0.637524
494,60.144537,-0.635312
494,60.551421,-0.633124
494,60.958305,-0.630961
494,61.365189,-0.628822
494,61.772073,-0.626707
494,62.178957,-0.624617
494,62.585841,-0.622549
494,62.992725,-0.620505
494,63.399609,-0.618485
494,63.806493,-0.616486
494,64.213377,-0.614511
494,64.620262,-0.612557
494,65.027146,-0.610625
494,65.434030,-0.608715
494,65.840914,-0.606826
494,66.247798,-0.604959
494,66.654682,-0.603112
494,67.061566,-0.601286
494,67.468450,-0.599480
494,67.875334,-0.597694
494,68.282218,-0.595928
494,68.689102,-0.594181
494,69.095986,-0.592454
494,69.502870,-0.590746
494,69.909754,-0.589056
494,70.316639,-0.587385
494,70.723523,-0.585733
494,71.130407,-0.584098
494,71.537291,-0.582481
494,71.944175,-0.580882
494,72.351059,-0.579300
494,72.757943,-0.577736
494,73.164827,-0.576188
494,73.571711,-0.574657
494,73.978595,-0.573142
494,74.385479,-0.571643
494,74.792363,-0.570161
494,75.199247,-0.568694
494,75.606131,-0.567242
494,76.013015,-0.565806
494,76.419900,-0.564385
494,76.826784,-0.562979
494,77.233668,-0.561587
494,77.640552,-0.560210
494,78.047436,-0.558847
494,78.454320,-0.557499
494,78.861204,-0.556164
494,79.268088,-0.554842
494,79.674972,-0.553534
494,80.081856,-0.552239
494,80.488740,-0.550957
494,80.895624,-0.549688
494,81.302508,-0.548432
494,81.709392,-0.547188
494,82.116277,-0.545956
494,82.523161,-0.544736
494,82.930045,-0.543528
494,83.336929,-0.542332
494,83.743813,-0.541147
494,84.150697,-0.539974
494,84.557581,-0.538811
494,84.964465,-0.537660
494,85.371349,-0.536519
494,85.778233,-0.535389
494,86.185117,-0.534270
494,86.592001,-0.533160
494,86.998885,-0.532061
494,87.405769,-0.530971
494,87.812654,-0.529892
494,88.219538,-0.528821
494,88.626422,-0.527761
494,89.033306,-0.526709
494,89.440190,-0.525667
494,89.847074,-0.524633
494,90.253958,-0.523609
494,90.660842,-0.522593
494,91.067726,-0.521585
494,91.474610,-0.520586
494,91.881494,-0.519595
494,92.288378,-0.518612
494,92.695262,-0.517637
494,93.102146,-0.516670
494,93.509031,-0.515710
494,93.915915,-0.514758
494,94.322799,-0.513814
494,94.729683,-0.512876
494,95.136567,-0.511946
494,95.543451,-0.511022
494,95.950335,-0.510106
494,96.357219,-0.509196
494,96.764103,-0.508292
494,97.170987,-0.507396
494,97.577871,-0.506505
494,97.984755,-0.505621
494,98.391639,-0.504743
494,98.798523,-0.503871
494,99.205408,-0.503004
494,99.612292,-0.502144
494,100.019176,-0.501289
494,100.426060,-0.500440
494,100.832944,-0.499596
494,101.239828,-0.498758
494,101.646712,-0.497925
494,102.053596,-0.497097
494,102.460480,-0.496274
494,102.867364,-0.495456
494,103.274248,-0.494643
494,103.681132,-0.493835
494,104.088016,-0.493031
494,104.494900,-0.492232
494,104.901785,-0.491438
494,105.308669,-0.490648
494,105.715553,-0.489862
494,106.122437,-0.489081
494,106.529321,-0.488304
494,106.936205,-0.487531
494,107.343089,-0.486762
494,107.749973,-0.485997
494,108.156857,-0.485236
494,108.563741,-0.484479
494,108.970625,-0.483725
494,109.377509,-0.482976
494,109.784393,-0.482230
494,110.191277,-0.481487
494,110.598162,-0.480748
494,111.005046,-0.480013
494,111.411930,-0.479281
494,111.818814,-0.478552
494,112.225698,-0.477827
494,112.632582,-0.477105
494,113.039466,-0.476386
494,113.446350,-0.475670
494,113.853234,-0.474957
494,114.260118,-0.474248
494,114.667002,-0.473542
494,115.073886,-0.472838
494,115.480770,-0.472138
494,115.887654,-0.471440
494,116.294539,-0.470745
494,116.701423,-0.470054
494,117.108307,-0.469365
494,117.515191,-0.468679
494,117.922075,-0.467995
494,118.328959,-0.467315
494,118.735843,-0.466637
494,119.142727,-0.465962
494,119.549611,-0.465290
494,119.956495,-0.464620
494,120.363379,-0.463953
494,120.770263,-0.463289
494,121.177147,-0.462627
494,121.584031,-0.461968
494,121.990916,-0.461312
494,122.397800,-0.460659
494,122.804684,-0.460008
494,123.211568,-0.459359
494,123.618452,-0.458713
494,124.025336,-0.458070
494,124.432220,-0.457430
494,124.839104,-0.456792
494,125.245988,-0.456157
494,125.652872,-0.455525
494,126.059756,-0.454895
494,126.466640,-0.454268
494,126.873524,-0.453644
494,127.280408,-0.453023
494,127.687293,-0.452404
494,128.094177,-0.451788
494,128.501061,-0.451175
494,128.907945,-0.450565
494,129.314829,-0.449957
494,129.721713,-0.449353
494,130.128597,-0.448751
494,130.535481,-0.448153
494,130.942365,-0.447557
494,131.349249,-0.446965
494,131.756133,-0.446375
494,132.163017,-0.445789
494,132.569901,-0.445206
494,132.976785,-0.444626
494,133.383670,-0.444049
494,133.790554,-0.443476
494,134.197438,-0.442906
494,134.604322,-0.442339
494,135.011206,-0.441776
494,135.418090,-0.441217
494,135.824974,-0.440661
494,136.231858,-0.440108
494,136.638742,-0.439560
494,137.045626,-0.439015
494,137.452510,-0.438474
494,137.859394,-0.437937
494,138.266278,-0.437403
494,138.673162,-0.436874
494,139.080047,-0.436349
494,139.486931,-0.435829
494,139.893815,-0.435312
494,140.300699,-0.434800
494,140.707583,-0.434292
494,141.114467,-0.433789
494,141.521351,-0.433290
494,141.928235,-0.432796
494,142.335119,-0.432307
494,142.742003,-0.431823
494,143.148887,-0.431344
494,143.555771,-0.430869
494,143.962655,-0.430400
494,144.369539,-0.429936
494,144.776423,-0.429478
494,145.183308,-0.429025
494,145.590192,-0.428577
494,145.997076,-0.428135
494,146.403960,-0.427699
494,146.810844,-0.427269
494,147.217728,-0.426845
494,147.624612,-0.426427
494,148.031496,-0.426015
594,71.653543,-0.642909
594,72.002301,-0.641336
594,72.351059,-0.639775
594,72.699817,-0.638227
594,73.048574,-0.636691
594,73.397332,-0.635167
594,73.746090,-0.633656
594,74.094848,-0.632156
594,74.443606,-0.630667
594,74.792363,-0.629191
594,75.141121,-0.627726
594,75.489879,-0.626272
594,75.838637,-0.624830
594,76.187394,-0.623398
594,76.536152,-0.621978
594,76.884910,-0.620569
594,77.233668,-0.619171
594,77.582425,-0.617783
594,77.931183,-0.616407
594,78.279941,-0.615040
594,78.628699,-0.613684
594,78.977457,-0.612339
594,79.326214,-0.611004
594,79.674972,-0.609678
594,80.023730,-0.608363
594,80.372488,-0.607058
594,80.721245,-0.605762
594,81.070003,-0.604476
594,81.418761,-0.603200
594,81.767519,-0.601934
594,82.116277,-0.600676
594,82.465034,-0.599428
594,82.813792,-0.598190
594,83.162550,-0.596960
594,83.511308,-0.595739
594,83.860065,-0.594527
594,84.208823,-0.593324
594,84.557581,-0.592130
594,84.906339,-0.590945
594,85.255097,-0.589768
594,85.603854,-0.588599
594,85.952612,-0.587439
594,86.301370,-0.586287
594,86.650128,-0.585143
594,86.998885,-0.584007
594,87.347643,-0.582880
594,87.696401,-0.581760
594,88.045159,-0.580648
594,88.393917,-0.579543
594,88.742674,-0.578447
594,89.091432,-0.577358
594,89.440190,-0.576276
594,89.788948,-0.575202
594,90.137705,-0.574135
594,90.486463,-0.573075
594,90.835221,-0.572022
594,91.183979,-0.570977
594,91.532736,-0.569938
594,91.881494,-0.568907
594,92.230252,-0.567882
594,92.579010,-0.566864
594,92.927768,-0.565852
594,93.276525,-0.564847
594,93.625283,-0.563849
594,93.974041,-0.562857
594,94.322799,-0.561871
594,94.671556,-0.560892
594,95.020314,-0.559918
594,95.369072,-0.558951
594,95.717830,-0.557990
594,96.066588,-0.557035
594,96.415345,-0.556086
594,96.764103,-0.555143
594,97.112861,-0.554205
594,97.461619,-0.553274
594,97.810376,-0.552347
594,98.159134,-0.551427
594,98.507892,-0.550512
594,98.856650,-0.549602
594,99.205408,-0.548698
594,99.554165,-0.547799
594,99.902923,-0.546905
594,100.251681,-0.546016
594,100.600439,-0.545132
594,100.949196,-0.544254
594,101.297954,-0.543380
594,101.646712,-0.542512
594,101.995470,-0.541648
594,102.344228,-0.540789
594,102.692985,-0.539935
594,103.041743,-0.539085
594,103.390501,-0.538240
594,103.739259,-0.537400
594,104.088016,-0.536564
594,104.436774,-0.535733
594,104.785532,-0.534906
594,105.134290,-0.534083
594,105.483047,-0.533265
594,105.831805,-0.532451
594,106.180563,-0.531641
594,106.529321,-0.530835
594,106.878079,-0.530033
594,107.226836,-0.529236
594,107.575594,-0.528442
594,107.924352,-0.527652
594,108.273110,-0.526866
594,108.621867,-0.526084
594,108.970625,-0.525306
594,109.319383,-0.524531
594,109.668141,-0.523761
594,110.016899,-0.522994
594,110.365656,-0.522230
594,110.714414,-0.521470
594,111.063172,-0.520714
594,111.411930,-0.519961
594,111.760687,-0.519211
594,112.109445,-0.518465
594,112.458203,-0.517722
594,112.806961,-0.516983
594,113.155719,-0.516247
594,113.504476,-0.515514
594,113.853234,-0.514784
594,114.201992,-0.514058
594,114.550750,-0.513334
594,114.899507,-0.512614
594,115.248265,-0.511897
594,115.597023,-0.511183
594,115.945781,-0.510472
594,116.294539,-0.509764
594,116.643296,-0.509058
594,116.992054,-0.508356
594,117.340812,-0.507657
594,117.689570,-0.506960
594,118.038327,-0.506266
594,118.387085,-0.505575
594,118.735843,-0.504887
594,119.084601,-0.504202
594,119.433359,-0.503519
594,119.782116,-0.502839
594,120.130874,-0.502161
594,120.479632,-0.501487
594,120.828390,-0.500814
594,121.177147,-0.500145
594,121.525905,-0.499478
594,121.874663,-0.498813
594,122.223421,-0.498151
594,122.572178,-0.497492
594,122.920936,-0.496835
594,123.269694,-0.496181
594,123.618452,-0.495529
594,123.967210,-0.494879
594,124.315967,-0.494232
594,124.664725,-0.493587
594,125.013483,-0.492945
594,125.362241,-0.492305
594,125.710998,-0.491667
594,126.059756,-0.491032
594,126.408514,-0.490399
594,126.757272,-0.489769
594,127.106030,-0.489140
594,127.454787,-0.488514
594,127.803545,-0.487891
594,128.152303,-0.487269
594,128.501061,-0.486650
594,128.849818,-0.486033
594,129.198576,-0.485419
594,129.547334,-0.484806
594,129.896092,-0.484196
594,130.244850,-0.483588
594,130.593607,-0.482983
594,130.942365,-0.482379
594,131.291123,-0.481778
594,131.639881,-0.481179
594,131.988638,-0.480583
594,132.337396,-0.479988
594,132.686154,-0.479396
594,133.034912,-0.478806
594,133.383670,-0.478218
594,133.732427,-0.477633
594,134.081185,-0.477049
594,134.429943,-0.476468
594,134.778701,-0.475890
594,135.127458,-0.475313
594,135.476216,-0.474739
594,135.824974,-0.474167
594,136.173732,-0.473597
594,136.522489,-0.473030
594,136.871247,-0.472465
594,137.220005,-0.471902
594,137.568763,-0.471341
594,137.917521,-0.470783
594,138.266278,-0.470227
594,138.615036,-0.469674
594,138.963794,-0.469122
594,139.312552,-0.468574
594,139.661309,-0.468027
594,140.010067,-0.467483
594,140.358825,-0.466941
594,140.707583,-0.466402
594,141.056341,-0.465865
594,141.405098,-0.465331
594,141.753856,-0.464799
594,142.102614,-0.464270
594,142.451372,-0.463743
594,142.800129,-0.463219
594,143.148887,-0.462697
594,143.497645,-0.462178
594,143.846403,-0.461661
594,144.195161,-0.461147
594,144.543918,-0.460636
594,144.892676,-0.460127
594,145.241434,-0.459621
594,145.590192,-0.459118
594,145.938949,-0.458618
594,146.287707,-0.458120
594,146.636465,-0.457625
594,146.985223,-0.457133
594,147.333981,-0.456644
594,147.682738,-0.456157
594,148.031496,-0.455674
694,84.908136,-0.643307
694,85.196371,-0.642183
694,85.484606,-0.641065
694,85.772840,-0.639953
694,86.061075,-0.638848
694,86.349309,-0.637748
694,86.637544,-0.636654
694,86.925778,-0.635566
694,87.214013,-0.634484
694,87.502247,-0.633408
694,87.790482,-0.632338
694,88.078716,-0.631274
694,88.366951,-0.630215
694,88.655185,-0.629162
694,88.943420,-0.628114
694,89.231654,-0.627072
694,89.519889,-0.626036
694,89.808123,-0.625005
694,90.096358,-0.623980
694,90.384592,-0.622960
694,90.672827,-0.621945
694,90.961061,-0.620936
694,91.249296,-0.619932
694,91.537530,-0.618933
694,91.825765,-0.617939
694,92.113999,-0.616950
694,92.402234,-0.615967
694,92.690468,-0.614988
694,92.978703,-0.614015
694,93.266938,-0.613047
694,93.555172,-0.612083
694,93.843407,-0.611125
694,94.131641,-0.610171
694,94.419876,-0.609222
694,94.708110,-0.608278
694,94.996345,-0.607338
694,95.284579,-0.606403
694,95.572814,-0.605473
694,95.861048,-0.604548
694,96.149283,-0.603627
694,96.437517,-0.602711
694,96.725752,-0.601799
694,97.013986,-0.600891
694,97.302221,-0.599988
694,97.590455,-0.599090
694,97.878690,-0.598195
694,98.166924,-0.597305
694,98.455159,-0.596420
694,98.743393,-0.595538
694,99.031628,-0.594661
694,99.319862,-0.593788
694,99.608097,-0.592919
694,99.896331,-0.592054
694,100.184566,-0.591193
694,100.472800,-0.590336
694,100.761035,-0.589483
694,101.049270,-0.588635
694,101.337504,-0.587790
694,101.625739,-0.586948
694,101.913973,-0.586111
694,102.202208,-0.585278
694,102.490442,-0.584448
694,102.778677,-0.583622
694,103.066911,-0.582800
694,103.355146,-0.581982
694,103.643380,-0.581167
694,103.931615,-0.580356
694,104.219849,-0.579548
694,104.508084,-0.578744
694,104.796318,-0.577943
694,105.084553,-0.577146
694,105.372787,-0.576353
694,105.661022,-0.575563
694,105.949256,-0.574776
694,106.237491,-0.573992
694,106.525725,-0.573212
694,106.813960,-0.572436
694,107.102194,-0.571662
694,107.390429,-0.570892
694,107.678663,-0.570125
694,107.966898,-0.569361
694,108.255132,-0.568601
694,108.543367,-0.567843
694,108.831602,-0.567089
694,109.119836,-0.566338
694,109.408071,-0.565589
694,109.696305,-0.564844
694,109.984540,-0.564102
694,110.272774,-0.563363
694,110.561009,-0.562627
694,110.849243,-0.561893
694,111.137478,-0.561163
694,111.425712,-0.560436
694,111.713947,-0.559711
694,112.002181,-0.558989
694,112.290416,-0.558270
694,112.578650,-0.557554
694,112.866885,-0.556840
694,113.155119,-0.556130
694,113.443354,-0.555422
694,113.731588,-0.554716
694,114.019823,-0.554013
694,114.308057,-0.553313
694,114.596292,-0.552616
694,114.884526,-0.551921
694,115.172761,-0.551229
694,115.460995,-0.550539
694,115.749230,-0.549852
694,116.037464,-0.549167
694,116.325699,-0.548485
694,116.613934,-0.547805
694,116.902168,-0.547128
694,117.190403,-0.546453
694,117.478637,-0.545780
694,117.766872,-0.545110
694,118.055106,-0.544443
694,118.343341,-0.543777
694,118.631575,-0.543114
694,118.919810,-0.542453
694,119.208044,-0.541795
694,119.496279,-0.541139
694,119.784513,-0.540485
694,120.072748,-0.539833
694,120.360982,-0.539183
694,120.649217,-0.538536
694,120.937451,-0.537891
694,121.225686,-0.537248
694,121.513920,-0.536607
694,121.802155,-0.535968
694,122.090389,-0.535332
694,122.378624,-0.534697
694,122.666858,-0.534065
694,122.955093,-0.533435
694,123.243327,-0.532807
694,123.531562,-0.532180
694,123.819796,-0.531556
694,124.108031,-0.530934
694,124.396266,-0.530314
694,124.684500,-0.529696
694,124.972735,-0.529079
694,125.260969,-0.528465
694,125.549204,-0.527853
694,125.837438,-0.527243
694,126.125673,-0.526634
694,126.413907,-0.526028
694,126.702142,-0.525423
694,126.990376,-0.524820
694,127.278611,-0.524219
694,127.566845,-0.523620
694,127.855080,-0.523023
694,128.143314,-0.522428
694,128.431549,-0.521834
694,128.719783,-0.521243
694,129.008018,-0.520653
694,129.296252,-0.520065
694,129.584487,-0.519478
694,129.872721,-0.518894
694,130.160956,-0.518311
694,130.449190,-0.517730
694,130.737425,-0.517151
694,131.025659,-0.516574
694,131.313894,-0.515998
694,131.602129,-0.515424
694,131.890363,-0.514852
694,132.178598,-0.514281
694,132.466832,-0.513712
694,132.755067,-0.513145
694,133.043301,-0.512580
694,133.331536,-0.512016
694,133.619770,-0.511454
694,133.908005,-0.510894
694,134.196239,-0.510335
694,134.484474,-0.509778
694,134.772708,-0.509223
694,135.060943,-0.508669
694,135.349177,-0.508117
694,135.637412,-0.507567
694,135.925646,-0.507018
694,136.213881,-0.506471
694,136.502115,-0.505926
694,136.790350,-0.505382
694,137.078584,-0.504840
694,137.366819,-0.504299
694,137.655053,-0.503761
694,137.943288,-0.503223
694,138.231522,-0.502688
694,138.519757,-0.502154
694,138.807991,-0.501622
694,139.096226,-0.501091
694,139.384461,-0.500562
694,139.672695,-0.500034
694,139.960930,-0.499509
694,140.249164,-0.498984
694,140.537399,-0.498462
694,140.825633,-0.497941
694,141.113868,-0.497422
694,141.402102,-0.496904
694,141.690337,-0.496388
694,141.978571,-0.495873
694,142.266806,-0.495361
694,142.555040,-0.494849
694,142.843275,-0.494340
694,143.131509,-0.493832
694,143.419744,-0.493326
694,143.707978,-0.492821
694,143.996213,-0.492318
694,144.284447,-0.491817
694,144.572682,-0.491317
694,144.860916,-0.490819
694,145.149151,-0.490323
694,145.437385,-0.489829
694,145.725620,-0.489336
694,146.013854,-0.488844
694,146.302089,-0.488355
694,146.590323,-0.487867
694,146.878558,-0.487381
694,147.166793,-0.486896
694,147.455027,-0.486413
694,147.743262,-0.485932
694,148.031496,-0.485453
794,98.031496,-0.643332
794,98.259807,-0.642535
794,98.488117,-0.641740
794,98.716428,-0.640948
794,98.944738,-0.640160
794,99.173049,-0.639373
794,99.401359,-0.638590
794,99.629670,-0.637809
794,99.857980,-0.637031
794,100.086291,-0.636255
794,100.314601,-0.635482
794,100.542912,-0.634712
794,100.771222,-0.633945
794,100.999533,-0.633180
794,101.227843,-0.632417
794,101.456154,-0.631657
794,101.684464,-0.630900
794,101.912775,-0.630145
794,102.141085,-0.629393
794,102.369396,-0.628643
794,102.597706,-0.627896
794,102.826017,-0.627152
794,103.054327,-0.626409
794,103.282638,-0.625670
794,103.510948,-0.624933
794,103.739259,-0.624198
794,103.967569,-0.623466
794,104.195880,-0.622736
794,104.424190,-0.622008
794,104.652501,-0.621283
794,104.880811,-0.620560
794,105.109122,-0.619840
794,105.337432,-0.619122
794,105.565743,-0.618407
794,105.794053,-0.617693
794,106.022364,-0.616982
794,106.250674,-0.616274
794,106.478985,-0.615568
794,106.707295,-0.614864
794,106.935606,-0.614162
794,107.163916,-0.613462
794,107.392227,-0.612765
794,107.620537,-0.612070
794,107.848848,-0.611378
794,108.077158,-0.610687
794,108.305469,-0.609999
794,108.533779,-0.609313
794,108.762090,-0.608629
794,108.990400,-0.607947
794,109.218711,-0.607267
794,109.447021,-0.606590
794,109.675332,-0.605915
794,109.903642,-0.605242
794,110.131953,-0.604571
794,110.360263,-0.603902
794,110.588574,-0.603235
794,110.816884,-0.602570
794,111.045195,-0.601908
794,111.273505,-0.601247
794,111.501816,-0.600588
794,111.730126,-0.599932
794,111.958437,-0.599277
794,112.186747,-0.598625
794,112.415058,-0.597975
794,112.643368,-0.597326
794,112.871679,-0.596680
794,113.099989,-0.596035
794,113.328300,-0.595393
794,113.556610,-0.594752
794,113.784921,-0.594113
794,114.013231,-0.593477
794,114.241542,-0.592842
794,114.469852,-0.592209
794,114.698163,-0.591578
794,114.926473,-0.590949
794,115.154784,-0.590322
794,115.383094,-0.589697
794,115.611405,-0.589073
794,115.839715,-0.588452
794,116.068026,-0.587832
794,116.296336,-0.587214
794,116.524647,-0.586598
794,116.752957,-0.585983
794,116.981268,-0.585371
794,117.209578,-0.584760
794,117.437889,-0.584151
794,117.666199,-0.583544
794,117.894510,-0.582939
794,118.122820,-0.582335
794,118.351131,-0.581733
794,118.579441,-0.581133
794,118.807752,-0.580534
794,119.036062,-0.579938
794,119.264373,-0.579343
794,119.492683,-0.578749
794,119.720994,-0.578158
794,119.949304,-0.577568
794,120.177615,-0.576979
794,120.405925,-0.576393
794,120.634236,-0.575808
794,120.862546,-0.575224
794,121.090857,-0.574642
794,121.319167,-0.574062
794,121.547478,-0.573484
794,121.775788,-0.572907
794,122.004099,-0.572331
794,122.232409,-0.571758
794,122.460720,-0.571185
794,122.689030,-0.570615
794,122.917341,-0.570046
794,123.145651,-0.569478
794,123.373962,-0.568912
794,123.602272,-0.568348
794,123.830583,-0.567785
794,124.058893,-0.567223
794,124.287204,-0.566663
794,124.515514,-0.566105
794,124.743825,-0.565548
794,124.972135,-0.564992
794,125.200446,-0.564438
794,125.428756,-0.563886
794,125.657067,-0.563335
794,125.885377,-0.562785
794,126.113688,-0.562237
794,126.341998,-0.561690
794,126.570309,-0.561145
794,126.798619,-0.560601
794,127.026930,-0.560058
794,127.255240,-0.559517
794,127.483551,-0.558977
794,127.711861,-0.558439
794,127.940172,-0.557902
794,128.168482,-0.557366
794,128.396793,-0.556832
794,128.625103,-0.556299
794,128.853414,-0.555767
794,129.081724,-0.555237
794,129.310035,-0.554708
794,129.538345,-0.554180
794,129.766656,-0.553654
794,129.994966,-0.553129
794,130.223277,-0.552605
794,130.451587,-0.552083
794,130.679898,-0.551561
794,130.908208,-0.551041
794,131.136519,-0.550523
794,131.364829,-0.550005
794,131.593140,-0.549489
794,131.821450,-0.548974
794,132.049761,-0.548461
794,132.278071,-0.547948
794,132.506382,-0.547437
794,132.734692,-0.546927
794,132.963003,-0.546418
794,133.191313,-0.545911
794,133.419624,-0.545404
794,133.647934,-0.544899
794,133.876245,-0.544395
794,134.104555,-0.543892
794,134.332866,-0.543391
794,134.561176,-0.542890
794,134.789487,-0.542391
794,135.017797,-0.541893
794,135.246108,-0.541395
794,135.474418,-0.540900
794,135.702729,-0.540405
794,135.931039,-0.539911
794,136.159350,-0.539418
794,136.387660,-0.538927
794,136.615971,-0.538437
794,136.844281,-0.537947
794,137.072592,-0.537459
794,137.300902,-0.536972
794,137.529213,-0.536486
794,137.757523,-0.536001
794,137.985834,-0.535517
794,138.214144,-0.535035
794,138.442455,-0.534553
794,138.670765,-0.534072
794,138.899076,-0.533592
794,139.127386,-0.533114
794,139.355697,-0.532636
794,139.584007,-0.532160
794,139.812318,-0.531684
794,140.040628,-0.531210
794,140.268939,-0.530736
794,140.497249,-0.530264
794,140.725560,-0.529792
794,140.953870,-0.529322
794,141.182181,-0.528852
794,141.410491,-0.528384
794,141.638802,-0.527916
794,141.867113,-0.527449
794,142.095423,-0.526984
794,142.323734,-0.526519
794,142.552044,-0.526055
794,142.780355,-0.525593
794,143.008665,-0.525131
794,143.236976,-0.524670
794,143.465286,-0.524210
794,143.693597,-0.523751
794,143.921907,-0.523293
794,144.150218,-0.522836
794,144.378528,-0.522380
794,144.606839,-0.521924
794,144.835149,-0.521470
794,145.063460,-0.521016
794,145.291770,-0.520564
794,145.520081,-0.520112
794,145.748391,-0.519661
794,145.976702,-0.519211
794,146.205012,-0.518762
794,146.433323,-0.518314
794,146.661633,-0.517867
794,146.889944,-0.517420
794,147.118254,-0.516975
794,147.346565,-0.516530
794,147.574875,-0.516086
794,147.803186,-0.515643
794,148.031496,-0.515201
894,110.761155,-0.643270
894,110.931339,-0.642717
894,111.101523,-0.642166
894,111.271707,-0.641617
894,111.441892,-0.641068
894,111.612076,-0.640520
894,111.782260,-0.639974
894,111.952444,-0.639429
894,112.122629,-0.638885
894,112.292813,-0.638342
894,112.462997,-0.637800
894,112.633181,-0.637260
894,112.803365,-0.636720
894,112.973550,-0.636182
894,113.143734,-0.635645
894,113.313918,-0.635109
894,113.484102,-0.634574
894,113.654286,-0.634040
894,113.824471,-0.633508
894,113.994655,-0.632976
894,114.164839,-0.632446
894,114.335023,-0.631917
894,114.505207,-0.631388
894,114.675392,-0.630861
894,114.845576,-0.630336
894,115.015760,-0.629811
894,115.185944,-0.629287
894,115.356128,-0.628764
894,115.526313,-0.628243
894,115.696497,-0.627723
894,115.866681,-0.627203
894,116.036865,-0.626685
894,116.207049,-0.626168
894,116.377234,-0.625652
894,116.547418,-0.625137
894,116.717602,-0.624623
894,116.887786,-0.624110
894,117.057970,-0.623598
894,117.228155,-0.623087
894,117.398339,-0.622578
894,117.568523,-0.622069
894,117.738707,-0.621562
894,117.908892,-0.621055
894,118.079076,-0.620550
894,118.249260,-0.620045
894,118.419444,-0.619542
894,118.589628,-0.619039
894,118.759813,-0.618538
894,118.929997,-0.618038
894,119.100181,-0.617538
894,119.270365,-0.617040
894,119.440549,-0.616543
894,119.610734,-0.616047
894,119.780918,-0.615552
894,119.951102,-0.615057
894,120.121286,-0.614564
894,120.291470,-0.614072
894,120.461655,-0.613581
894,120.631839,-0.613091
894,120.802023,-0.612602
894,120.972207,-0.612114
894,121.142391,-0.611626
894,121.312576,-0.611140
894,121.482760,-0.610655
894,121.652944,-0.610171
894,121.823128,-0.609687
894,121.993312,-0.609205
894,122.163497,-0.608724
894,122.333681,-0.608244
894,122.503865,-0.607764
894,122.674049,-0.607286
894,122.844234,-0.606808
894,123.014418,-0.606332
894,123.184602,-0.605856
894,123.354786,-0.605382
894,123.524970,-0.604908
894,123.695155,-0.604435
894,123.865339,-0.603963
894,124.035523,-0.603493
894,124.205707,-0.603023
894,124.375891,-0.602554
894,124.546076,-0.602086
894,124.716260,-0.601619
894,124.886444,-0.601152
894,125.056628,-0.600687
894,125.226812,-0.600223
894,125.396997,-0.599759
894,125.567181,-0.599297
894,125.737365,-0.598835
894,125.907549,-0.598374
894,126.077733,-0.597914
894,126.247918,-0.597455
894,126.418102,-0.596997
894,126.588286,-0.596540
894,126.758470,-0.596084
894,126.928654,-0.595629
894,127.098839,-0.595174
894,127.269023,-0.594720
894,127.439207,-0.594268
894,127.609391,-0.593816
894,127.779575,-0.593365
894,127.949760,-0.592915
894,128.119944,-0.592465
894,128.290128,-0.592017
894,128.460312,-0.591569
894,128.630497,-0.591123
894,128.800681,-0.590677
894,128.970865,-0.590232
894,129.141049,-0.589787
894,129.311233,-0.589344
894,129.481418,-0.588902
894,129.651602,-0.588460
894,129.821786,-0.588019
894,129.991970,-0.587579
894,130.162154,-0.587140
894,130.332339,-0.586701
894,130.502523,-0.586264
894,130.672707,-0.585827
894,130.842891,-0.585391
894,131.013075,-0.584956
894,131.183260,-0.584522
894,131.353444,-0.584088
894,131.523628,-0.583656
894,131.693812,-0.583224
894,131.863996,-0.582793
894,132.034181,-0.582362
894,132.204365,-0.581933
894,132.374549,-0.581504
894,132.544733,-0.581076
894,132.714917,-0.580649
894,132.885102,-0.580223
894,133.055286,-0.579797
894,133.225470,-0.579372
894,133.395654,-0.578948
894,133.565839,-0.578525
894,133.736023,-0.578102
894,133.906207,-0.577681
894,134.076391,-0.577260
894,134.246575,-0.576839
894,134.416760,-0.576420
894,134.586944,-0.576001
894,134.757128,-0.575583
894,134.927312,-0.575166
894,135.097496,-0.574749
894,135.267681,-0.574333
894,135.437865,-0.573918
894,135.608049,-0.573504
894,135.778233,-0.573090
894,135.948417,-0.572678
894,136.118602,-0.572265
894,136.288786,-0.571854
894,136.458970,-0.571443
894,136.629154,-0.571033
894,136.799338,-0.570624
894,136.969523,-0.570215
894,137.139707,-0.569807
894,137.309891,-0.569400
894,137.480075,-0.568994
894,137.650259,-0.568588
894,137.820444,-0.568183
894,137.990628,-0.567779
894,138.160812,-0.567375
894,138.330996,-0.566972
894,138.501181,-0.566569
894,138.671365,-0.566168
894,138.841549,-0.565767
894,139.011733,-0.565366
894,139.181917,-0.564967
894,139.352102,-0.564568
894,139.522286,-0.564169
894,139.692470,-0.563772
894,139.862654,-0.563375
894,140.032838,-0.562978
894,140.203023,-0.562583
894,140.373207,-0.562188
894,140.543391,-0.561793
894,140.713575,-0.561399
894,140.883759,-0.561006
894,141.053944,-0.560614
894,141.224128,-0.560222
894,141.394312,-0.559831
894,141.564496,-0.559440
894,141.734680,-0.559050
894,141.904865,-0.558661
894,142.075049,-0.558272
894,142.245233,-0.557884
894,142.415417,-0.557497
894,142.585601,-0.557110
894,142.755786,-0.556723
894,142.925970,-0.556338
894,143.096154,-0.555953
894,143.266338,-0.555568
894,143.436522,-0.555184
894,143.606707,-0.554801
894,143.776891,-0.554418
894,143.947075,-0.554036
894,144.117259,-0.553655
894,144.287444,-0.553274
894,144.457628,-0.552894
894,144.627812,-0.552514
894,144.797996,-0.552135
894,144.968180,-0.551756
894,145.138365,-0.551378
894,145.308549,-0.551001
894,145.478733,-0.550624
894,145.648917,-0.550248
894,145.819101,-0.549872
894,145.989286,-0.549497
894,146.159470,-0.549122
894,146.329654,-0.548748
894,146.499838,-0.548374
894,146.670022,-0.548001
894,146.840207,-0.547629
894,147.010391,-0.547257
894,147.180575,-0.546885
894,147.350759,-0.546515
894,147.520943,-0.546144
894,147.691128,-0.545774
894,147.861312,-0.545405
894,148.031496,-0.545036
994,122.834646,-0.643162
994,122.949700,-0.642808
994,123.064754,-0.642453
994,123.179808,-0.642100
994,123.294862,-0.641746
994,123.409916,-0.641393
994,123.524970,-0.641041
994,123.640024,-0.640688
994,123.755079,-0.640336
994,123.870133,-0.639985
994,123.985187,-0.639634
994,124.100241,-0.639283
994,124.215295,-0.638932
994,124.330349,-0.638582
994,124.445403,-0.638232
994,124.560457,-0.637882
994,124.675511,-0.637533
994,124.790566,-0.637185
994,124.905620,-0.636836
994,125.020674,-0.636488
994,125.135728,-0.636140
994,125.250782,-0.635793
994,125.365836,-0.635446
994,125.480890,-0.635100
994,125.595944,-0.634753
994,125.710998,-0.634408
994,125.826053,-0.634062
994,125.941107,-0.633717
994,126.056161,-0.633372
994,126.171215,-0.633028
994,126.286269,-0.632684
994,126.401323,-0.632341
994,126.516377,-0.631998
994,126.631431,-0.631655
994,126.746485,-0.631312
994,126.861540,-0.630970
994,126.976594,-0.630629
994,127.091648,-0.630288
994,127.206702,-0.629947
994,127.321756,-0.629606
994,127.436810,-0.629266
994,127.551864,-0.628927
994,127.666918,-0.628587
994,127.781972,-0.628249
994,127.897027,-0.627910
994,128.012081,-0.627572
994,128.127135,-0.627234
994,128.242189,-0.626897
994,128.357243,-0.626560
994,128.472297,-0.626224
994,128.587351,-0.625888
994,128.702405,-0.625552
994,128.817459,-0.625217
994,128.932514,-0.624882
994,129.047568,-0.624548
994,129.162622,-0.624214
994,129.277676,-0.623880
994,129.392730,-0.623547
994,129.507784,-0.623214
994,129.622838,-0.622881
994,129.737892,-0.622549
994,129.852946,-0.622218
994,129.968001,-0.621887
994,130.083055,-0.621556
994,130.198109,-0.621225
994,130.313163,-0.620895
994,130.428217,-0.620566
994,130.543271,-0.620237
994,130.658325,-0.619908
994,130.773379,-0.619580
994,130.888433,-0.619252
994,131.003488,-0.618924
994,131.118542,-0.618597
994,131.233596,-0.618270
994,131.348650,-0.617944
994,131.463704,-0.617618
994,131.578758,-0.617293
994,131.693812,-0.616967
994,131.808866,-0.616643
994,131.923920,-0.616319
994,132.038975,-0.615995
994,132.154029,-0.615671
994,132.269083,-0.615348
994,132.384137,-0.615026
994,132.499191,-0.614704
994,132.614245,-0.614382
994,132.729299,-0.614060
994,132.844353,-0.613739
994,132.959407,-0.613419
994,133.074462,-0.613099
994,133.189516,-0.612779
994,133.304570,-0.612460
994,133.419624,-0.612141
994,133.534678,-0.611822
994,133.649732,-0.611504
994,133.764786,-0.611186
994,133.879840,-0.610869
994,133.994894,-0.610552
994,134.109949,-0.610236
994,134.225003,-0.609920
994,134.340057,-0.609604
994,134.455111,-0.609289
994,134.570165,-0.608974
994,134.685219,-0.608659
994,134.800273,-0.608345
994,134.915327,-0.608031
994,135.030381,-0.607718
994,135.145436,-0.607405
994,135.260490,-0.607093
994,135.375544,-0.606781
994,135.490598,-0.606469
994,135.605652,-0.606158
994,135.720706,-0.605847
994,135.835760,-0.605536
994,135.950814,-0.605226
994,136.065868,-0.604916
994,136.180923,-0.604607
994,136.295977,-0.604298
994,136.411031,-0.603990
994,136.526085,-0.603681
994,136.641139,-0.603374
994,136.756193,-0.603066
994,136.871247,-0.602759
994,136.986301,-0.602453
994,137.101355,-0.602146
994,137.216410,-0.601840
994,137.331464,-0.601535
994,137.446518,-0.601230
994,137.561572,-0.600925
994,137.676626,-0.600621
994,137.791680,-0.600317
994,137.906734,-0.600013
994,138.021788,-0.599710
994,138.136842,-0.599407
994,138.251897,-0.599104
994,138.366951,-0.598802
994,138.482005,-0.598501
994,138.597059,-0.598199
994,138.712113,-0.597898
994,138.827167,-0.597597
994,138.942221,-0.597297
994,139.057275,-0.596997
994,139.172329,-0.596697
994,139.287384,-0.596398
994,139.402438,-0.596099
994,139.517492,-0.595801
994,139.632546,-0.595502
994,139.747600,-0.595205
994,139.862654,-0.594907
994,139.977708,-0.594610
994,140.092762,-0.594313
994,140.207816,-0.594017
994,140.322871,-0.593720
994,140.437925,-0.593425
994,140.552979,-0.593129
994,140.668033,-0.592834
994,140.783087,-0.592539
994,140.898141,-0.592245
994,141.013195,-0.591950
994,141.128249,-0.591656
994,141.243303,-0.591363
994,141.358358,-0.591070
994,141.473412,-0.590777
994,141.588466,-0.590484
994,141.703520,-0.590192
994,141.818574,-0.589900
994,141.933628,-0.589608
994,142.048682,-0.589317
994,142.163736,-0.589026
994,142.278790,-0.588735
994,142.393845,-0.588445
994,142.508899,-0.588154
994,142.623953,-0.587865
994,142.739007,-0.587575
994,142.854061,-0.587286
994,142.969115,-0.586997
994,143.084169,-0.586708
994,143.199223,-0.586420
994,143.314277,-0.586131
994,143.429332,-0.585843
994,143.544386,-0.585556
994,143.659440,-0.585268
994,143.774494,-0.584981
994,143.889548,-0.584695
994,144.004602,-0.584408
994,144.119656,-0.584122
994,144.234710,-0.583836
994,144.349764,-0.583550
994,144.464819,-0.583264
994,144.579873,-0.582979
994,144.694927,-0.582694
994,144.809981,-0.582409
994,144.925035,-0.582125
994,145.040089,-0.581840
994,145.155143,-0.581556
994,145.270197,-0.581272
994,145.385252,-0.580989
994,145.500306,-0.580705
994,145.615360,-0.580422
994,145.730414,-0.580139
994,145.845468,-0.579856
994,145.960522,-0.579574
994,146.075576,-0.579291
994,146.190630,-0.579009
994,146.305684,-0.578727
994,146.420739,-0.578445
994,146.535793,-0.578164
994,146.650847,-0.577882
994,146.765901,-0.577601
994,146.880955,-0.577320
994,146.996009,-0.577039
994,147.111063,-0.576759
994,147.226117,-0.576478
994,147.341171,-0.576198
994,147.456226,-0.575918
994,147.571280,-0.575638
994,147.686334,-0.575358
994,147.801388,-0.575078
994,147.916442,-0.574799
994,148.031496,-0.574519
1094,134.120735,-0.643350
1094,134.184254,-0.643160
1094,134.247774,-0.642970
1094,134.311293,-0.642781
1094,134.374813,-0.642591
1094,134.438332,-0.642402
1094,134.501852,-0.642213
1094,134.565371,-0.642023
1094,134.628891,-0.641834
1094,134.692410,-0.641645
1094,134.755929,-0.641456
1094,134.819449,-0.641268
1094,134.882968,-0.641079
1094,134.946488,-0.640890
1094,135.010007,-0.640702
1094,135.073527,-0.640513
1094,135.137046,-0.640325
1094,135.200566,-0.640137
1094,135.264085,-0.639949
1094,135.327605,-0.639761
1094,135.391124,-0.639573
1094,135.454644,-0.639385
1094,135.518163,-0.639197
1094,135.581682,-0.639010
1094,135.645202,-0.638822
1094,135.708721,-0.638635
1094,135.772241,-0.638447
1094,135.835760,-0.638260
1094,135.899280,-0.638073
1094,135.962799,-0.637886
1094,136.026319,-0.637699
1094,136.089838,-0.637512
1094,136.153358,-0.637325
1094,136.216877,-0.637138
1094,136.280396,-0.636952
1094,136.343916,-0.636765
1094,136.407435,-0.636579
1094,136.470955,-0.636393
1094,136.534474,-0.636206
1094,136.597994,-0.636020
1094,136.661513,-0.635834
1094,136.725033,-0.635648
1094,136.788552,-0.635463
1094,136.852072,-0.635277
1094,136.915591,-0.635091
1094,136.979110,-0.634906
1094,137.042630,-0.634720
1094,137.106149,-0.634535
1094,137.169669,-0.634350
1094,137.233188,-0.634164
1094,137.296708,-0.633979
1094,137.360227,-0.633794
1094,137.423747,-0.633610
1094,137.487266,-0.633425
1094,137.550786,-0.633240
1094,137.614305,-0.633056
1094,137.677825,-0.632871
1094,137.741344,-0.632687
1094,137.804863,-0.632502
1094,137.868383,-0.632318
1094,137.931902,-0.632134
1094,137.995422,-0.631950
1094,138.058941,-0.631766
1094,138.122461,-0.631582
1094,138.185980,-0.631399
1094,138.249500,-0.631215
1094,138.313019,-0.631031
1094,138.376539,-0.630848
1094,138.440058,-0.630665
1094,138.503577,-0.630481
1094,138.567097,-0.630298
1094,138.630616,-0.630115
1094,138.694136,-0.629932
1094,138.757655,-0.629749
1094,138.821175,-0.629567
1094,138.884694,-0.629384
1094,138.948214,-0.629202
1094,139.011733,-0.629019
1094,139.075253,-0.628837
1094,139.138772,-0.628654
1094,139.202291,-0.628472
1094,139.265811,-0.628290
1094,139.329330,-0.628108
1094,139.392850,-0.627926
1094,139.456369,-0.627745
1094,139.519889,-0.627563
1094,139.583408,-0.627381
1094,139.646928,-0.627200
1094,139.710447,-0.627019
1094,139.773967,-0.626837
1094,139.837486,-0.626656
1094,139.901006,-0.626475
1094,139.964525,-0.626294
1094,140.028044,-0.626113
1094,140.091564,-0.625933
1094,140.155083,-0.625752
1094,140.218603,-0.625571
1094,140.282122,-0.625391
1094,140.345642,-0.625211
1094,140.409161,-0.625030
1094,140.472681,-0.624850
1094,140.536200,-0.624670
1094,140.599720,-0.624490
1094,140.663239,-0.624310
1094,140.726758,-0.624131
1094,140.790278,-0.623951
1094,140.853797,-0.623771
1094,140.917317,-0.623592
1094,140.980836,-0.623413
1094,141.044356,-0.623233
1094,141.107875,-0.623054
1094,141.171395,-0.622875
1094,141.234914,-0.622696
1094,141.298434,-0.622518
1094,141.361953,-0.622339
1094,141.425473,-0.622160
1094,141.488992,-0.621982
1094,141.552511,-0.621803
1094,141.616031,-0.621625
1094,141.679550,-0.621447
1094,141.743070,-0.621269
1094,141.806589,-0.621091
1094,141.870109,-0.620913
1094,141.933628,-0.620735
1094,141.997148,-0.620558
1094,142.060667,-0.620380
1094,142.124187,-0.620203
1094,142.187706,-0.620025
1094,142.251225,-0.619848
1094,142.314745,-0.619671
1094,142.378264,-0.619494
1094,142.441784,-0.619317
1094,142.505303,-0.619141
1094,142.568823,-0.618964
1094,142.632342,-0.618787
1094,142.695862,-0.618611
1094,142.759381,-0.618435
1094,142.822901,-0.618258
1094,142.886420,-0.618082
1094,142.949939,-0.617906
1094,143.013459,-0.617730
1094,143.076978,-0.617555
1094,143.140498,-0.617379
1094,143.204017,-0.617203
1094,143.267537,-0.617028
1094,143.331056,-0.616853
1094,143.394576,-0.616677
1094,143.458095,-0.616502
1094,143.521615,-0.616327
1094,143.585134,-0.616153
1094,143.648654,-0.615978
1094,143.712173,-0.615803
1094,143.775692,-0.615629
1094,143.839212,-0.615454
1094,143.902731,-0.615280
1094,143.966251,-0.615106
1094,144.029770,-0.614932
1094,144.093290,-0.614758
1094,144.156809,-0.614584
1094,144.220329,-0.614410
1094,144.283848,-0.614237
1094,144.347368,-0.614063
1094,144.410887,-0.613890
1094,144.474406,-0.613717
1094,144.537926,-0.613544
1094,144.601445,-0.613371
1094,144.664965,-0.613198
1094,144.728484,-0.613025
1094,144.792004,-0.612853
1094,144.855523,-0.612680
1094,144.919043,-0.612508
1094,144.982562,-0.612336
1094,145.046082,-0.612163
1094,145.109601,-0.611991
1094,145.173120,-0.611820
1094,145.236640,-0.611648
1094,145.300159,-0.611476
1094,145.363679,-0.611305
1094,145.427198,-0.611133
1094,145.490718,-0.610962
1094,145.554237,-0.610791
1094,145.617757,-0.610620
1094,145.681276,-0.610449
1094,145.744796,-0.610279
1094,145.808315,-0.610108
1094,145.871835,-0.609938
1094,145.935354,-0.609767
1094,145.998873,-0.609597
1094,146.062393,-0.609427
1094,146.125912,-0.609257
1094,146.189432,-0.609087
1094,146.252951,-0.608917
1094,146.316471,-0.608748
1094,146.379990,-0.608579
1094,146.443510,-0.608409
1094,146.507029,-0.608240
1094,146.570549,-0.608071
1094,146.634068,-0.607902
1094,146.697587,-0.607733
1094,146.761107,-0.607565
1094,146.824626,-0.607396
1094,146.888146,-0.607228
1094,146.951665,-0.607060
1094,147.015185,-0.606892
1094,147.078704,-0.606724
1094,147.142224,-0.606556
1094,147.205743,-0.606388
1094,147.269263,-0.606221
1094,147.332782,-0.606054
1094,147.396301,-0.605886
1094,147.459821,-0.605719
1094,147.523340,-0.605552
1094,147.586860,-0.605386
1094,147.650379,-0.605219
1094,147.713899,-0.605052
1094,147.777418,-0.604886
1094,147.840938,-0.604720
1094,147.904457,-0.604554
1094,147.967977,-0.604388
1094,148.031496,-0.604222
